rel	id	style	NR	NT	K(n30)	D	lines	pred1	predK	note
ATOMIC\Al.AvSqFree	0.1234567E+000	Z	50	69	0	893	894	894	0	OK(单表 1+D)
ATOMIC\Al.GrayOpacity_PLANCK	0.1234567E+000	P	50	69	0	893	894	894	0	DIFF(K×(2+D)=0)
ATOMIC\Al.GrayOpacity_ROSSELAND	0.1234567E+000	P	50	69	0	893	894	894	0	DIFF(K×(2+D)=0)
ATOMIC\Al.MultiGroupOpacity_PLANCK	0.1234567E+000	P	50	69	3	893	1939	894	2685	DIFF(K×(2+D)=2685)
ATOMIC\Al.MultiGroupOpacity_ROSSELAND	0.1234567E+000	P	50	69	3	893	1939	894	2685	DIFF(K×(2+D)=2685)
ATOMIC\Al.NoFree	0.1234567E+000	Z	50	69	0	893	894	894	0	OK(单表 1+D)
ATOMIC\C.AvSqFree	0.1234567E+000	Z	50	69	0	893	894	894	0	OK(单表 1+D)
ATOMIC\C.GrayOpacity_PLANCK	0.1234567E+000	P	50	69	0	893	894	894	0	DIFF(K×(2+D)=0)
ATOMIC\C.GrayOpacity_ROSSELAND	0.1234567E+000	P	50	69	0	893	894	894	0	DIFF(K×(2+D)=0)
ATOMIC\C.MultiGroupOpacity_PLANCK	0.1234567E+000	P	50	69	3	893	1939	894	2685	DIFF(K×(2+D)=2685)
ATOMIC\C.MultiGroupOpacity_ROSSELAND	0.1234567E+000	P	50	69	3	893	1939	894	2685	DIFF(K×(2+D)=2685)
ATOMIC\C.NoFree	0.1234567E+000	Z	50	69	0	893	894	894	0	OK(单表 1+D)
ATOMIC\Fe.AvSqFree	0.1234567E+000	Z	50	69	0	893	894	894	0	OK(单表 1+D)
ATOMIC\Fe.GrayOpacity_PLANCK	0.1234567E+000	P	50	69	0	893	894	894	0	DIFF(K×(2+D)=0)
ATOMIC\Fe.GrayOpacity_ROSSELAND	0.1234567E+000	P	50	69	0	893	894	894	0	DIFF(K×(2+D)=0)
ATOMIC\Fe.MultiGroupOpacity_PLANCK	0.1234567E+000	P	50	69	3	893	1939	894	2685	DIFF(K×(2+D)=2685)
ATOMIC\Fe.MultiGroupOpacity_ROSSELAND	0.1234567E+000	P	50	69	3	893	1939	894	2685	DIFF(K×(2+D)=2685)
ATOMIC\Fe.NoFree	0.1234567E+000	Z	50	69	0	893	894	894	0	OK(单表 1+D)
ATOMIC\Li.AvSqFree	0.1234567E+000	Z	50	69	0	893	894	894	0	OK(单表 1+D)
ATOMIC\Li.GrayOpacity_PLANCK	0.1234567E+000	P	50	69	0	893	894	894	0	DIFF(K×(2+D)=0)
ATOMIC\Li.GrayOpacity_ROSSELAND	0.1234567E+000	P	50	69	0	893	894	894	0	DIFF(K×(2+D)=0)
ATOMIC\Li.MultiGroupOpacity_PLANCK	0.1234567E+000	P	50	69	3	893	1939	894	2685	DIFF(K×(2+D)=2685)
ATOMIC\Li.MultiGroupOpacity_ROSSELAND	0.1234567E+000	P	50	69	3	893	1939	894	2685	DIFF(K×(2+D)=2685)
ATOMIC\Li.NoFree	0.1234567E+000	Z	50	69	0	893	894	894	0	OK(单表 1+D)
ATOMIC\O.AvSqFree	0.1234567E+000	Z	50	69	0	893	894	894	0	OK(单表 1+D)
ATOMIC\O.GrayOpacity_PLANCK	0.1234567E+000	P	50	69	0	893	894	894	0	DIFF(K×(2+D)=0)
ATOMIC\O.GrayOpacity_ROSSELAND	0.1234567E+000	P	50	69	0	893	894	894	0	DIFF(K×(2+D)=0)
ATOMIC\O.MultiGroupOpacity_PLANCK	0.1234567E+000	P	50	69	3	893	1939	894	2685	DIFF(K×(2+D)=2685)
ATOMIC\O.MultiGroupOpacity_ROSSELAND	0.1234567E+000	P	50	69	3	893	1939	894	2685	DIFF(K×(2+D)=2685)
ATOMIC\O.NoFree	0.1234567E+000	Z	50	69	0	893	894	894	0	OK(单表 1+D)
ATOMIC\Si.AvSqFree	0.1234567E+000	Z	50	69	0	893	894	894	0	OK(单表 1+D)
ATOMIC\Si.GrayOpacity_PLANCK	0.1234567E+000	P	50	69	0	893	894	894	0	DIFF(K×(2+D)=0)
ATOMIC\Si.GrayOpacity_ROSSELAND	0.1234567E+000	P	50	69	0	893	894	894	0	DIFF(K×(2+D)=0)
ATOMIC\Si.MultiGroupOpacity_PLANCK	0.1234567E+000	P	50	69	3	893	1939	894	2685	DIFF(K×(2+D)=2685)
ATOMIC\Si.MultiGroupOpacity_ROSSELAND	0.1234567E+000	P	50	69	3	893	1939	894	2685	DIFF(K×(2+D)=2685)
ATOMIC\Si.NoFree	0.1234567E+000	Z	50	69	0	893	894	894	0	OK(单表 1+D)
ATOMIC\SiO2.AvSqFree	0.1234567E+000	Z	50	69	0	893	894	894	0	OK(单表 1+D)
ATOMIC\SiO2.GrayOpacity_PLANCK	0.1234567E+000	P	50	69	0	893	894	894	0	DIFF(K×(2+D)=0)
ATOMIC\SiO2.GrayOpacity_ROSSELAND	0.1234567E+000	P	50	69	0	893	894	894	0	DIFF(K×(2+D)=0)
ATOMIC\SiO2.MultiGroupOpacity_PLANCK	0.1234567E+000	P	50	69	3	893	1939	894	2685	DIFF(K×(2+D)=2685)
ATOMIC\SiO2.MultiGroupOpacity_ROSSELAND	0.1234567E+000	P	50	69	3	893	1939	894	2685	DIFF(K×(2+D)=2685)
ATOMIC\SiO2.NoFree	0.1234567E+000	Z	50	69	0	893	894	894	0	OK(单表 1+D)
ATOMIC\Ti.AvSqFree	0.1234567E+000	Z	50	69	0	893	894	894	0	OK(单表 1+D)
ATOMIC\Ti.GrayOpacity_PLANCK	0.1234567E+000	P	50	69	0	893	894	894	0	DIFF(K×(2+D)=0)
ATOMIC\Ti.GrayOpacity_ROSSELAND	0.1234567E+000	P	50	69	0	893	894	894	0	DIFF(K×(2+D)=0)
ATOMIC\Ti.MultiGroupOpacity_PLANCK	0.1234567E+000	P	50	69	3	893	1939	894	2685	DIFF(K×(2+D)=2685)
ATOMIC\Ti.MultiGroupOpacity_ROSSELAND	0.1234567E+000	P	50	69	3	893	1939	894	2685	DIFF(K×(2+D)=2685)
ATOMIC\Ti.NoFree	0.1234567E+000	Z	50	69	0	893	894	894	0	OK(单表 1+D)
ATOMIC\TiO2.AvSqFree	0.1234567E+000	Z	50	69	0	893	894	894	0	OK(单表 1+D)
ATOMIC\TiO2.GrayOpacity_PLANCK	0.1234567E+000	P	50	69	0	893	894	894	0	DIFF(K×(2+D)=0)
ATOMIC\TiO2.GrayOpacity_ROSSELAND	0.1234567E+000	P	50	69	0	893	894	894	0	DIFF(K×(2+D)=0)
ATOMIC\TiO2.MultiGroupOpacity_PLANCK	0.1234567E+000	P	50	69	3	893	1939	894	2685	DIFF(K×(2+D)=2685)
ATOMIC\TiO2.MultiGroupOpacity_ROSSELAND	0.1234567E+000	P	50	69	3	893	1939	894	2685	DIFF(K×(2+D)=2685)
ATOMIC\TiO2.NoFree	0.1234567E+000	Z	50	69	0	893	894	894	0	OK(单表 1+D)
CHBr3at%\C50H47Br3_mopp	0700003	P	43	42	5	473	1939	474	2375	DIFF(K×(2+D)=2375)
CHBr3at%\C50H47Br3_mopr	0700002	P	43	42	5	473	1939	474	2375	DIFF(K×(2+D)=2375)
CH\CHSi10_eos.IN	1214	Z	58	39	0	590	1171	591	0	DIFF(1+D=591)
CH\CHSi10_mopp	1400003	P	43	42	5	473	1939	474	2375	DIFF(K×(2+D)=2375)
CH\CHSi10_mopr	1400002	P	43	42	5	473	1939	474	2375	DIFF(K×(2+D)=2375)
CH\CHSi1_eos.IN	1214	Z	58	39	0	590	1171	591	0	DIFF(1+D=591)
CH\CHSi1_mopp	1400003	P	43	42	5	473	1939	474	2375	DIFF(K×(2+D)=2375)
CH\CHSi1_mopp.dat	1400003	P	43	42	5	473	1939	474	2375	DIFF(K×(2+D)=2375)
CH\CHSi1_mopp100	1400003	P	43	42	5	473	1939	474	2375	DIFF(K×(2+D)=2375)
CH\CHSi1_mopr	1400002	P	43	42	5	473	1939	474	2375	DIFF(K×(2+D)=2375)
CH\CHSi1_mopr.dat	1400002	P	43	42	5	473	1939	474	2375	DIFF(K×(2+D)=2375)
CH\CHSi1_mopr100	1400002	P	43	42	5	473	1939	474	2375	DIFF(K×(2+D)=2375)
CH\CH_ieos	7.59000000e+03	Z	101	100	0	2576	5127	2577	0	DIFF(1+D=2577)
CH\CH_mopp20	1400003	P	43	42	5	473	1939	474	2375	DIFF(K×(2+D)=2375)
CH\CH_mopr20	1400002	P	43	42	5	473	1939	474	2375	DIFF(K×(2+D)=2375)
CH\C_mopp	6000003	P	43	43	4	484	1939	485	1944	DIFF(K×(2+D)=1944)
CH\C_mopr	6000002	P	43	43	4	484	1939	485	1944	DIFF(K×(2+D)=1944)
SNOP\Be_40G.PLANCK	20203000	P	20	20	40	110	4480	111	4480	OK(K=40)
SNOP\Be_40G.ROSS	20204000	P	20	20	40	110	4480	111	4480	OK(K=40)
SNOP\Be_40G.ZEFF	20202000	Z	20	20	0	110	111	111	0	OK(单表 1+D)
SNOP\C_20GSNOP.PLANCK	10003000	P	20	20	18	110	1945	111	2016	DIFF(K×(2+D)=2016)
SNOP\C_20GSNOP.ROSS	10004000	P	20	20	18	110	1945	111	2016	DIFF(K×(2+D)=2016)
SNOP\C_20GSNOP.ZEFF	10002000	Z	20	20	0	110	111	111	0	OK(单表 1+D)
SiO2\SiO2.MultiGroupOpacity_PLANCK	0.1234567E+000	P	50	69	3	893	1939	894	2685	DIFF(K×(2+D)=2685)
SiO2\SiO2.MultiGroupOpacity_ROSSELAND	0.1234567E+000	P	50	69	3	893	1939	894	2685	DIFF(K×(2+D)=2685)
SiO2\opc_1022.sesame_PLANCK	0.1234567E+000	P	31	46	0	376	377	377	0	DIFF(K×(2+D)=0)
SiO2\opc_1022.sesame_ROSSELAND	0.1234567E+000	P	31	46	0	376	377	377	0	DIFF(K×(2+D)=0)
Ta2O5\PowerLawTa2O5_EOS.SESAME	0.1234567E+000	Z	3	19	0	20	36	21	0	DIFF(1+D=21)
Ta2O5\PowerLawTa2O5_EOS.SESAME_	0.1234567E+000	Z	5	26	0	41	75	42	0	DIFF(1+D=42)
Ta2O5\Ta2O5.301	0001075220301	Z	123	97	1	3038	1936	3039	3040	DIFF(1+D=3039)
Ta2O5\Ta2O5_1G_MULTI	0.0000000e+00	Z	25	47	0	312	313	313	0	OK(单表 1+D)
Ta2O5\Ta2O5_mopp	7380003	P	37	29	7	285	1941	286	2009	DIFF(K×(2+D)=2009)
Ta2O5\Ta2O5_mopr	7380002	P	37	29	7	285	1941	286	2009	DIFF(K×(2+D)=2009)
Ta2O5\Ta_1G_MULTI	0.0000000e+00	Z	25	47	0	312	313	313	0	OK(单表 1+D)
Thermos\mat_Ag\Ag_Planck.dat	00000000	P	22	21	16	127	1955	128	2064	DIFF(K×(2+D)=2064)
Thermos\mat_Ag\Ag_Rosseland.dat	00000000	P	22	21	16	127	1955	128	2064	DIFF(K×(2+D)=2064)
Thermos\mat_Ag\Ag_Z.dat	00000000	Z	22	21	0	127	128	128	0	OK(单表 1+D)
Thermos\mat_Ag\Ag_Zeff.dat	00000000	Z	22	21	0	127	128	128	0	OK(单表 1+D)
Thermos\mat_Al\Al_Planck.dat	00000000	P	22	21	16	127	1955	128	2064	DIFF(K×(2+D)=2064)
Thermos\mat_Al\Al_Rosseland.dat	00000000	P	22	21	16	127	1955	128	2064	DIFF(K×(2+D)=2064)
Thermos\mat_Al\Al_Z.dat	00000000	Z	22	21	0	127	128	128	0	OK(单表 1+D)
Thermos\mat_Al\Al_Zeff.dat	00000000	Z	22	21	0	127	128	128	0	OK(单表 1+D)
Thermos\mat_Ar\Ar_Planck.dat	00000000	P	22	21	16	127	1955	128	2064	DIFF(K×(2+D)=2064)
Thermos\mat_Ar\Ar_Rosseland.dat	00000000	P	22	21	16	127	1955	128	2064	DIFF(K×(2+D)=2064)
Thermos\mat_Ar\Ar_Z.dat	00000000	Z	22	21	0	127	128	128	0	OK(单表 1+D)
Thermos\mat_Ar\Ar_Zeff.dat	00000000	Z	22	21	0	127	128	128	0	OK(单表 1+D)
Thermos\mat_Au\AuMG_Planck.dat	00000000	P	22	21	16	127	1955	128	2064	DIFF(K×(2+D)=2064)
Thermos\mat_Au\AuMG_Rosseland.dat	00000000	P	22	21	16	127	1955	128	2064	DIFF(K×(2+D)=2064)
Thermos\mat_Au\AuMG_Z.dat	00000000	Z	22	21	0	127	128	128	0	OK(单表 1+D)
Thermos\mat_Au\AuMG_Zeff.dat	00000000	Z	22	21	0	127	128	128	0	OK(单表 1+D)
Thermos\mat_Au\Au_Planck.dat	00000000	P	20	20	18	110	1945	111	2016	DIFF(K×(2+D)=2016)
Thermos\mat_Au\Au_Rosseland.dat	00000000	P	20	20	18	110	1945	111	2016	DIFF(K×(2+D)=2016)
Thermos\mat_Au\Au_Z.dat	00000000	Z	20	20	0	110	111	111	0	OK(单表 1+D)
Thermos\mat_Au\Au_Zeff.dat	00000000	Z	20	20	0	110	111	111	0	OK(单表 1+D)
Thermos\mat_B\B_Planck.dat	00000000	P	22	21	16	127	1955	128	2064	DIFF(K×(2+D)=2064)
Thermos\mat_B\B_Rosseland.dat	00000000	P	22	21	16	127	1955	128	2064	DIFF(K×(2+D)=2064)
Thermos\mat_B\B_Z.dat	00000000	Z	22	21	0	127	128	128	0	OK(单表 1+D)
Thermos\mat_B\B_Zeff.dat	00000000	Z	22	21	0	127	128	128	0	OK(单表 1+D)
Thermos\mat_Be\Be_Planck.dat	00000000	P	22	21	16	127	1955	128	2064	DIFF(K×(2+D)=2064)
Thermos\mat_Be\Be_Rosseland.dat	00000000	P	22	21	16	127	1955	128	2064	DIFF(K×(2+D)=2064)
Thermos\mat_Be\Be_Z.dat	00000000	Z	22	21	0	127	128	128	0	OK(单表 1+D)
Thermos\mat_Be\Be_Zeff.dat	00000000	Z	22	21	0	127	128	128	0	OK(单表 1+D)
Thermos\mat_Br\Br_Planck.dat	00000000	P	22	21	16	127	1955	128	2064	DIFF(K×(2+D)=2064)
Thermos\mat_Br\Br_Rosseland.dat	00000000	P	22	21	16	127	1955	128	2064	DIFF(K×(2+D)=2064)
Thermos\mat_Br\Br_Z.dat	00000000	Z	22	21	0	127	128	128	0	OK(单表 1+D)
Thermos\mat_Br\Br_Zeff.dat	00000000	Z	22	21	0	127	128	128	0	OK(单表 1+D)
Thermos\mat_C\C_Planck.dat	00000000	P	22	21	16	127	1955	128	2064	DIFF(K×(2+D)=2064)
Thermos\mat_C\C_Rosseland.dat	00000000	P	22	21	16	127	1955	128	2064	DIFF(K×(2+D)=2064)
Thermos\mat_C\C_Z.dat	00000000	Z	22	21	0	127	128	128	0	OK(单表 1+D)
Thermos\mat_C\C_Zeff.dat	00000000	Z	22	21	0	127	128	128	0	OK(单表 1+D)
Thermos\mat_Ca\Ca_Planck.dat	00000000	P	22	21	16	127	1955	128	2064	DIFF(K×(2+D)=2064)
Thermos\mat_Ca\Ca_Rosseland.dat	00000000	P	22	21	16	127	1955	128	2064	DIFF(K×(2+D)=2064)
Thermos\mat_Ca\Ca_Z.dat	00000000	Z	22	21	0	127	128	128	0	OK(单表 1+D)
Thermos\mat_Ca\Ca_Zeff.dat	00000000	Z	22	21	0	127	128	128	0	OK(单表 1+D)
Thermos\mat_Cl\Cl_Planck.dat	00000000	P	20	20	18	110	1945	111	2016	DIFF(K×(2+D)=2016)
Thermos\mat_Cl\Cl_Rosseland.dat	00000000	P	20	20	18	110	1945	111	2016	DIFF(K×(2+D)=2016)
Thermos\mat_Cl\Cl_Z.dat	00000000	Z	20	20	0	110	111	111	0	OK(单表 1+D)
Thermos\mat_Cl\Cl_Zeff.dat	00000000	Z	20	20	0	110	111	111	0	OK(单表 1+D)
Thermos\mat_Co\Co_Planck.dat	00000000	P	22	21	16	127	1955	128	2064	DIFF(K×(2+D)=2064)
Thermos\mat_Co\Co_Rosseland.dat	00000000	P	22	21	16	127	1955	128	2064	DIFF(K×(2+D)=2064)
Thermos\mat_Co\Co_Z.dat	00000000	Z	22	21	0	127	128	128	0	OK(单表 1+D)
Thermos\mat_Co\Co_Zeff.dat	00000000	Z	22	21	0	127	128	128	0	OK(单表 1+D)
Thermos\mat_Cr\Cr_Planck.dat	00000000	P	22	21	16	127	1955	128	2064	DIFF(K×(2+D)=2064)
Thermos\mat_Cr\Cr_Rosseland.dat	00000000	P	22	21	16	127	1955	128	2064	DIFF(K×(2+D)=2064)
Thermos\mat_Cr\Cr_Z.dat	00000000	Z	22	21	0	127	128	128	0	OK(单表 1+D)
Thermos\mat_Cr\Cr_Zeff.dat	00000000	Z	22	21	0	127	128	128	0	OK(单表 1+D)
Thermos\mat_Cu\Cu_Planck.dat	00000000	P	22	21	16	127	1955	128	2064	DIFF(K×(2+D)=2064)
Thermos\mat_Cu\Cu_Rosseland.dat	00000000	P	22	21	16	127	1955	128	2064	DIFF(K×(2+D)=2064)
Thermos\mat_Cu\Cu_Z.dat	00000000	Z	22	21	0	127	128	128	0	OK(单表 1+D)
Thermos\mat_Cu\Cu_Zeff.dat	00000000	Z	22	21	0	127	128	128	0	OK(单表 1+D)
Thermos\mat_Dy\Dy_Planck.dat	00000000	P	22	21	16	127	1955	128	2064	DIFF(K×(2+D)=2064)
Thermos\mat_Dy\Dy_Rosseland.dat	00000000	P	22	21	16	127	1955	128	2064	DIFF(K×(2+D)=2064)
Thermos\mat_Dy\Dy_Z.dat	00000000	Z	22	21	0	127	128	128	0	OK(单表 1+D)
Thermos\mat_Dy\Dy_Zeff.dat	00000000	Z	22	21	0	127	128	128	0	OK(单表 1+D)
Thermos\mat_F\F_Planck.dat	00000000	P	22	21	16	127	1955	128	2064	DIFF(K×(2+D)=2064)
Thermos\mat_F\F_Rosseland.dat	00000000	P	22	21	16	127	1955	128	2064	DIFF(K×(2+D)=2064)
Thermos\mat_F\F_Z.dat	00000000	Z	22	21	0	127	128	128	0	OK(单表 1+D)
Thermos\mat_F\F_Zeff.dat	00000000	Z	22	21	0	127	128	128	0	OK(单表 1+D)
Thermos\mat_Fe\Fe_Planck.dat	00000000	P	22	21	16	127	1955	128	2064	DIFF(K×(2+D)=2064)
Thermos\mat_Fe\Fe_Rosseland.dat	00000000	P	22	21	16	127	1955	128	2064	DIFF(K×(2+D)=2064)
Thermos\mat_Fe\Fe_Z.dat	00000000	Z	22	21	0	127	128	128	0	OK(单表 1+D)
Thermos\mat_Fe\Fe_Zeff.dat	00000000	Z	22	21	0	127	128	128	0	OK(单表 1+D)
Thermos\mat_Gd\Gd_Planck.dat	00000000	P	22	21	16	127	1955	128	2064	DIFF(K×(2+D)=2064)
Thermos\mat_Gd\Gd_Rosseland.dat	00000000	P	22	21	16	127	1955	128	2064	DIFF(K×(2+D)=2064)
Thermos\mat_Gd\Gd_Z.dat	00000000	Z	22	21	0	127	128	128	0	OK(单表 1+D)
Thermos\mat_Gd\Gd_Zeff.dat	00000000	Z	22	21	0	127	128	128	0	OK(单表 1+D)
Thermos\mat_H\H_Planck.dat	00000000	P	22	21	16	127	1955	128	2064	DIFF(K×(2+D)=2064)
Thermos\mat_H\H_Rosseland.dat	00000000	P	22	21	16	127	1955	128	2064	DIFF(K×(2+D)=2064)
Thermos\mat_H\H_Z.dat	00000000	Z	22	21	0	127	128	128	0	OK(单表 1+D)
Thermos\mat_H\H_Zeff.dat	00000000	Z	22	21	0	127	128	128	0	OK(单表 1+D)
Thermos\mat_He\He_Planck.dat	00000000	P	22	21	16	127	1955	128	2064	DIFF(K×(2+D)=2064)
Thermos\mat_He\He_Rosseland.dat	00000000	P	22	21	16	127	1955	128	2064	DIFF(K×(2+D)=2064)
Thermos\mat_He\He_Z.dat	00000000	Z	22	21	0	127	128	128	0	OK(单表 1+D)
Thermos\mat_He\He_Zeff.dat	00000000	Z	22	21	0	127	128	128	0	OK(单表 1+D)
Thermos\mat_K\K_Planck.dat	00000000	P	22	21	16	127	1955	128	2064	DIFF(K×(2+D)=2064)
Thermos\mat_K\K_Rosseland.dat	00000000	P	22	21	16	127	1955	128	2064	DIFF(K×(2+D)=2064)
Thermos\mat_K\K_Z.dat	00000000	Z	22	21	0	127	128	128	0	OK(单表 1+D)
Thermos\mat_K\K_Zeff.dat	00000000	Z	22	21	0	127	128	128	0	OK(单表 1+D)
Thermos\mat_Kr\Kr_Planck.dat	00000000	P	22	21	16	127	1955	128	2064	DIFF(K×(2+D)=2064)
Thermos\mat_Kr\Kr_Rosseland.dat	00000000	P	22	21	16	127	1955	128	2064	DIFF(K×(2+D)=2064)
Thermos\mat_Kr\Kr_Z.dat	00000000	Z	22	21	0	127	128	128	0	OK(单表 1+D)
Thermos\mat_Kr\Kr_Zeff.dat	00000000	Z	22	21	0	127	128	128	0	OK(单表 1+D)
Thermos\mat_Li\Li_Planck.dat	00000000	P	22	21	16	127	1955	128	2064	DIFF(K×(2+D)=2064)
Thermos\mat_Li\Li_Rosseland.dat	00000000	P	22	21	16	127	1955	128	2064	DIFF(K×(2+D)=2064)
Thermos\mat_Li\Li_Z.dat	00000000	Z	22	21	0	127	128	128	0	OK(单表 1+D)
Thermos\mat_Li\Li_Zeff.dat	00000000	Z	22	21	0	127	128	128	0	OK(单表 1+D)
Thermos\mat_Mg\Mg_Planck.dat	00000000	P	22	21	16	127	1955	128	2064	DIFF(K×(2+D)=2064)
Thermos\mat_Mg\Mg_Rosseland.dat	00000000	P	22	21	16	127	1955	128	2064	DIFF(K×(2+D)=2064)
Thermos\mat_Mg\Mg_Z.dat	00000000	Z	22	21	0	127	128	128	0	OK(单表 1+D)
Thermos\mat_Mg\Mg_Zeff.dat	00000000	Z	22	21	0	127	128	128	0	OK(单表 1+D)
Thermos\mat_Mo\Mo_Ideal_Gas	0.1234567E+000	Z	2	2	1	2	5	3	4	DIFF(1+D=3)
Thermos\mat_Mo\Mo_Planck.dat	00000000	P	20	20	18	110	1945	111	2016	DIFF(K×(2+D)=2016)
Thermos\mat_Mo\Mo_Rosseland.dat	00000000	P	20	20	18	110	1945	111	2016	DIFF(K×(2+D)=2016)
Thermos\mat_Mo\Mo_Z.dat	00000000	Z	20	20	0	110	111	111	0	OK(单表 1+D)
Thermos\mat_Mo\Mo_Zeff.dat	00000000	Z	20	20	0	110	111	111	0	OK(单表 1+D)
Thermos\mat_N\N_Planck.dat	00000000	P	22	21	16	127	1955	128	2064	DIFF(K×(2+D)=2064)
Thermos\mat_N\N_Rosseland.dat	00000000	P	22	21	16	127	1955	128	2064	DIFF(K×(2+D)=2064)
Thermos\mat_N\N_Z.dat	00000000	Z	22	21	0	127	128	128	0	OK(单表 1+D)
Thermos\mat_N\N_Zeff.dat	00000000	Z	22	21	0	127	128	128	0	OK(单表 1+D)
Thermos\mat_Na\Na_Planck.dat	00000000	P	22	21	16	127	1955	128	2064	DIFF(K×(2+D)=2064)
Thermos\mat_Na\Na_Rosseland.dat	00000000	P	22	21	16	127	1955	128	2064	DIFF(K×(2+D)=2064)
Thermos\mat_Na\Na_Z.dat	00000000	Z	22	21	0	127	128	128	0	OK(单表 1+D)
Thermos\mat_Na\Na_Zeff.dat	00000000	Z	22	21	0	127	128	128	0	OK(单表 1+D)
Thermos\mat_Nd\Nd_Planck.dat	00000000	P	22	21	16	127	1955	128	2064	DIFF(K×(2+D)=2064)
Thermos\mat_Nd\Nd_Rosseland.dat	00000000	P	22	21	16	127	1955	128	2064	DIFF(K×(2+D)=2064)
Thermos\mat_Nd\Nd_Z.dat	00000000	Z	22	21	0	127	128	128	0	OK(单表 1+D)
Thermos\mat_Nd\Nd_Zeff.dat	00000000	Z	22	21	0	127	128	128	0	OK(单表 1+D)
Thermos\mat_Ne\Ne_Planck.dat	00000000	P	22	21	16	127	1955	128	2064	DIFF(K×(2+D)=2064)
Thermos\mat_Ne\Ne_Rosseland.dat	00000000	P	22	21	16	127	1955	128	2064	DIFF(K×(2+D)=2064)
Thermos\mat_Ne\Ne_Z.dat	00000000	Z	22	21	0	127	128	128	0	OK(单表 1+D)
Thermos\mat_Ne\Ne_Zeff.dat	00000000	Z	22	21	0	127	128	128	0	OK(单表 1+D)
Thermos\mat_Ni\Ni_Planck.dat	00000000	P	22	21	16	127	1955	128	2064	DIFF(K×(2+D)=2064)
Thermos\mat_Ni\Ni_Rosseland.dat	00000000	P	22	21	16	127	1955	128	2064	DIFF(K×(2+D)=2064)
Thermos\mat_Ni\Ni_Z.dat	00000000	Z	22	21	0	127	128	128	0	OK(单表 1+D)
Thermos\mat_Ni\Ni_Zeff.dat	00000000	Z	22	21	0	127	128	128	0	OK(单表 1+D)
Thermos\mat_O\O_Planck.dat	00000000	P	20	20	18	110	1945	111	2016	DIFF(K×(2+D)=2016)
Thermos\mat_O\O_Rosseland.dat	00000000	P	20	20	18	110	1945	111	2016	DIFF(K×(2+D)=2016)
Thermos\mat_O\O_Z.dat	00000000	Z	20	20	0	110	111	111	0	OK(单表 1+D)
Thermos\mat_O\O_Zeff.dat	00000000	Z	20	20	0	110	111	111	0	OK(单表 1+D)
Thermos\mat_P\P_Planck.dat	00000000	P	22	21	16	127	1955	128	2064	DIFF(K×(2+D)=2064)
Thermos\mat_P\P_Rosseland.dat	00000000	P	22	21	16	127	1955	128	2064	DIFF(K×(2+D)=2064)
Thermos\mat_P\P_Z.dat	00000000	Z	22	21	0	127	128	128	0	OK(单表 1+D)
Thermos\mat_P\P_Zeff.dat	00000000	Z	22	21	0	127	128	128	0	OK(单表 1+D)
Thermos\mat_Pb\Pb_Planck.dat	00000000	P	22	21	16	127	1955	128	2064	DIFF(K×(2+D)=2064)
Thermos\mat_Pb\Pb_Rosseland.dat	00000000	P	22	21	16	127	1955	128	2064	DIFF(K×(2+D)=2064)
Thermos\mat_Pb\Pb_Z.dat	00000000	Z	22	21	0	127	128	128	0	OK(单表 1+D)
Thermos\mat_Pb\Pb_Zeff.dat	00000000	Z	22	21	0	127	128	128	0	OK(单表 1+D)
Thermos\mat_Pd\Pd_Planck.dat	00000000	P	22	21	16	127	1955	128	2064	DIFF(K×(2+D)=2064)
Thermos\mat_Pd\Pd_Rosseland.dat	00000000	P	22	21	16	127	1955	128	2064	DIFF(K×(2+D)=2064)
Thermos\mat_Pd\Pd_Z.dat	00000000	Z	22	21	0	127	128	128	0	OK(单表 1+D)
Thermos\mat_Pd\Pd_Zeff.dat	00000000	Z	22	21	0	127	128	128	0	OK(单表 1+D)
Thermos\mat_S\S_Planck.dat	00000000	P	22	21	16	127	1955	128	2064	DIFF(K×(2+D)=2064)
Thermos\mat_S\S_Rosseland.dat	00000000	P	22	21	16	127	1955	128	2064	DIFF(K×(2+D)=2064)
Thermos\mat_S\S_Z.dat	00000000	Z	22	21	0	127	128	128	0	OK(单表 1+D)
Thermos\mat_S\S_Zeff.dat	00000000	Z	22	21	0	127	128	128	0	OK(单表 1+D)
Thermos\mat_Sc\Sc_Planck.dat	00000000	P	22	21	16	127	1955	128	2064	DIFF(K×(2+D)=2064)
Thermos\mat_Sc\Sc_Rosseland.dat	00000000	P	22	21	16	127	1955	128	2064	DIFF(K×(2+D)=2064)
Thermos\mat_Sc\Sc_Z.dat	00000000	Z	22	21	0	127	128	128	0	OK(单表 1+D)
Thermos\mat_Sc\Sc_Zeff.dat	00000000	Z	22	21	0	127	128	128	0	OK(单表 1+D)
Thermos\mat_Si\Si_Planck.dat	00000000	P	22	21	16	127	1955	128	2064	DIFF(K×(2+D)=2064)
Thermos\mat_Si\Si_Rosseland.dat	00000000	P	22	21	16	127	1955	128	2064	DIFF(K×(2+D)=2064)
Thermos\mat_Si\Si_Z.dat	00000000	Z	22	21	0	127	128	128	0	OK(单表 1+D)
Thermos\mat_Si\Si_Zeff.dat	00000000	Z	22	21	0	127	128	128	0	OK(单表 1+D)
Thermos\mat_Sm\Sm_Planck.dat	00000000	P	22	21	16	127	1955	128	2064	DIFF(K×(2+D)=2064)
Thermos\mat_Sm\Sm_Rosseland.dat	00000000	P	22	21	16	127	1955	128	2064	DIFF(K×(2+D)=2064)
Thermos\mat_Sm\Sm_Z.dat	00000000	Z	22	21	0	127	128	128	0	OK(单表 1+D)
Thermos\mat_Sm\Sm_Zeff.dat	00000000	Z	22	21	0	127	128	128	0	OK(单表 1+D)
Thermos\mat_Ta\Ta_Planck.dat	00000000	P	20	20	18	110	1945	111	2016	DIFF(K×(2+D)=2016)
Thermos\mat_Ta\Ta_Planck58G.dat	00000000	P	28	32	9	239	1940	240	2169	DIFF(K×(2+D)=2169)
Thermos\mat_Ta\Ta_Rosseland.dat	00000000	P	20	20	18	110	1945	111	2016	DIFF(K×(2+D)=2016)
Thermos\mat_Ta\Ta_Rosseland58G.dat	00000000	P	28	32	9	239	1940	240	2169	DIFF(K×(2+D)=2169)
Thermos\mat_Ta\Ta_Z.dat	00000000	Z	20	20	0	110	111	111	0	OK(单表 1+D)
Thermos\mat_Ta\Ta_Zeff.dat	00000000	Z	20	20	0	110	111	111	0	OK(单表 1+D)
Thermos\mat_Ti\Ti_Planck.dat	00000000	P	20	20	18	110	1945	111	2016	DIFF(K×(2+D)=2016)
Thermos\mat_Ti\Ti_Rosseland.dat	00000000	P	20	20	18	110	1945	111	2016	DIFF(K×(2+D)=2016)
Thermos\mat_Ti\Ti_Z.dat	00000000	Z	20	20	0	110	111	111	0	OK(单表 1+D)
Thermos\mat_Ti\Ti_Zeff.dat	00000000	Z	20	20	0	110	111	111	0	OK(单表 1+D)
Thermos\mat_U\U_IdealGas_EOS	0.1234567E+000	Z	2	2	1	2	5	3	4	DIFF(1+D=3)
Thermos\mat_U\U_Planck.dat	00000000	P	20	20	18	110	1945	111	2016	DIFF(K×(2+D)=2016)
Thermos\mat_U\U_Rosseland.dat	00000000	P	20	20	18	110	1945	111	2016	DIFF(K×(2+D)=2016)
Thermos\mat_U\U_Z.dat	00000000	Z	20	20	0	110	111	111	0	OK(单表 1+D)
Thermos\mat_U\U_Zeff.dat	00000000	Z	20	20	0	110	111	111	0	OK(单表 1+D)
Thermos\mat_V\V_Planck.dat	00000000	P	22	21	16	127	1955	128	2064	DIFF(K×(2+D)=2064)
Thermos\mat_V\V_Rosseland.dat	00000000	P	22	21	16	127	1955	128	2064	DIFF(K×(2+D)=2064)
Thermos\mat_V\V_Z.dat	00000000	Z	22	21	0	127	128	128	0	OK(单表 1+D)
Thermos\mat_V\V_Zeff.dat	00000000	Z	22	21	0	127	128	128	0	OK(单表 1+D)
Thermos\mat_W\W_Ideal_Gas	0.1234567E+000	Z	2	2	1	2	5	3	4	DIFF(1+D=3)
Thermos\mat_W\W_Planck.dat	00000000	P	20	20	18	110	1945	111	2016	DIFF(K×(2+D)=2016)
Thermos\mat_W\W_Planck_Fine.dat	00000000	P	20	20	18	110	1945	111	2016	DIFF(K×(2+D)=2016)
Thermos\mat_W\W_Rosseland.dat	00000000	P	20	20	18	110	1945	111	2016	DIFF(K×(2+D)=2016)
Thermos\mat_W\W_Rosseland_Fine.dat	00000000	P	20	20	18	110	1945	111	2016	DIFF(K×(2+D)=2016)
Thermos\mat_W\W_Z.dat	00000000	Z	20	20	0	110	111	111	0	OK(单表 1+D)
Thermos\mat_W\W_Zeff.dat	00000000	Z	20	20	0	110	111	111	0	OK(单表 1+D)
Thermos\mat_Xe\Xe_Planck.dat	00000000	P	22	21	16	127	1955	128	2064	DIFF(K×(2+D)=2064)
Thermos\mat_Xe\Xe_Rosseland.dat	00000000	P	22	21	16	127	1955	128	2064	DIFF(K×(2+D)=2064)
Thermos\mat_Xe\Xe_Z.dat	00000000	Z	22	21	0	127	128	128	0	OK(单表 1+D)
Thermos\mat_Xe\Xe_Zeff.dat	00000000	Z	22	21	0	127	128	128	0	OK(单表 1+D)
Thermos\mat_Zn\Zn_Planck.dat	00000000	P	22	21	16	127	1955	128	2064	DIFF(K×(2+D)=2064)
Thermos\mat_Zn\Zn_Rosseland.dat	00000000	P	22	21	16	127	1955	128	2064	DIFF(K×(2+D)=2064)
Thermos\mat_Zn\Zn_Z.dat	00000000	Z	22	21	0	127	128	128	0	OK(单表 1+D)
Thermos\mat_Zn\Zn_Zeff.dat	00000000	Z	22	21	0	127	128	128	0	OK(单表 1+D)
mat_Al-1.0\1041_PLANCK	1.1041000e+004	Z	31	46	0	376	377	377	0	OK(单表 1+D)
mat_Al-1.0\1041_ROSS	1.0410000e+003	Z	31	46	0	376	377	377	0	OK(单表 1+D)
mat_Al-1.0\41_ieos	41	Z	44	22	1	259	513	260	261	DIFF(1+D=260)
mat_Al-1.0\42_ieos	42	Z	84	53	1	1148	1936	1149	1150	DIFF(1+D=1149)
mat_Al-1.0\AL_IDEAL_GAS	.10010000E+04	Z	2	2	0	2	5	3	0	DIFF(1+D=3)
mat_Al-1.0\AL_LV.INV.data	1.00003010e+07	Z	123	100	0	3131	6238	3132	0	DIFF(1+D=3132)
mat_Al-1.0\AL_SIMPLE_PLANCK	.17010000E+04	Z	2	2	0	2	3	3	0	OK(单表 1+D)
mat_Al-1.0\AL_SIMPLE_ROSSELAND	.14010000E+04	Z	2	2	0	2	3	3	0	OK(单表 1+D)
mat_Al-1.0\AL_eos	37181000	Z	66	74	1	1256	2495	1257	1258	DIFF(1+D=1257)
mat_Al-1.0\AL_eos.feos	37181000	Z	66	74	1	1256	2495	1257	1258	DIFF(1+D=1257)
mat_Al-1.0\Al_ELECTRONEOS_multifs-1.2.dat	1.00003040e+07	Z	123	100	1	3131	1936	3132	3133	DIFF(1+D=3132)
mat_Al-1.0\Al_IONEOS_multifs-1.2.dat	1.00003050e+07	Z	123	100	1	3131	1936	3132	3133	DIFF(1+D=3132)
mat_Al-1.0\Al_PLANCK_multifs-1.2.dat	10003000	P	20	20	18	110	1945	111	2016	DIFF(K×(2+D)=2016)
mat_Al-1.0\Al_Planck_MULTI67.dat	00000000	P	43	43	4	484	1939	485	1944	DIFF(K×(2+D)=1944)
mat_Al-1.0\Al_ROSSELAND_multifs-1.2.dat	10004000	P	20	20	18	110	1945	111	2016	DIFF(K×(2+D)=2016)
mat_Al-1.0\Al_Rosseland_MULTI67.dat	00000000	P	43	43	4	484	1939	485	1944	DIFF(K×(2+D)=1944)
mat_Al-1.0\Al_Z67.dat	00000000	Z	43	43	0	484	485	485	0	OK(单表 1+D)
mat_Al-1.0\Al_ZEFF_multifs-1.2.dat	10002000	Z	20	20	0	110	111	111	0	OK(单表 1+D)
mat_Al-1.0\Al_etc.dat	00000000	P	22	21	6	127	774	128	774	OK(K=6)
mat_Al-1.0\FEOS\Al.feos.301	37170301	Z	192	69	1	3378	1936	3379	3380	DIFF(1+D=3379)
mat_Al-1.0\FEOS\Al.feos.304	37170304	Z	192	69	1	3378	1936	3379	3380	DIFF(1+D=3379)
mat_Al-1.0\FEOS\Al.feos.305	37170305	Z	192	69	1	3378	1936	3379	3380	DIFF(1+D=3379)
mat_Au-1.0\AU_IDEAL_GAS	.20020000E+04	Z	2	2	0	2	5	3	0	DIFF(1+D=3)
mat_Au-1.0\AU_SIMPLE_PLANCK	.27010000E+04	Z	2	2	0	2	3	3	0	OK(单表 1+D)
mat_Au-1.0\AU_SIMPLE_PLANCK_MG	.27100000E+04	P	2	2	0	2	96	3	0	DIFF(K×(2+D)=0)
mat_Au-1.0\AU_SIMPLE_ROSSELAND	.24010000E+04	Z	2	2	0	2	3	3	0	OK(单表 1+D)
mat_Au-1.0\AU_WorkOp_Ross	.24010000E+04	Z	2	2	0	2	3	3	0	OK(单表 1+D)
mat_Au-1.0\AU_eos	27001000	Z	101	23	0	612	1219	613	0	DIFF(1+D=613)
mat_Au-1.0\AU_eosd	0.27000000E+04	Z	101	23	2	612	2388	613	1228	DIFF(1+D=613)
mat_Au-1.0\AU_op03e	27005003	P	20	20	20	110	2240	111	2240	OK(K=20)
mat_Au-1.0\AU_op03p	27003003	P	20	20	20	110	2240	111	2240	OK(K=20)
mat_Au-1.0\AU_op03r	27004003	P	20	20	20	110	2240	111	2240	OK(K=20)
mat_Au-1.0\AU_op03z	27002003	Z	20	20	0	110	111	111	0	OK(单表 1+D)
mat_Au-1.0\Au100EPS	79005000	P	30	50	5	395	1938	396	1985	DIFF(K×(2+D)=1985)
mat_Au-1.0\Au100PLANCK	79003000	P	30	50	5	395	1938	396	1985	DIFF(K×(2+D)=1985)
mat_Au-1.0\Au100ROSS	79004000	P	30	50	5	395	1938	396	1985	DIFF(K×(2+D)=1985)
mat_Au-1.0\Au100ZEFF	79002000	Z	30	50	0	395	396	396	0	OK(单表 1+D)
mat_Au-1.0\SNOP.EPS	27005000	P	20	20	18	110	1945	111	2016	DIFF(K×(2+D)=2016)
mat_Au-1.0\SNOP.PLANCK	27003000	P	20	20	18	110	1945	111	2016	DIFF(K×(2+D)=2016)
mat_Au-1.0\SNOP.ROSS	27004000	P	20	20	18	110	1945	111	2016	DIFF(K×(2+D)=2016)
mat_Au-1.0\SNOP.ZEFF	27002000	Z	20	20	0	110	111	111	0	OK(单表 1+D)
mat_Au\Au_2003POPHammerRosen_EOS.SESAME	0.1234567E+000	Z	6	31	0	56	105	57	0	DIFF(1+D=57)
mat_Au\Au_Rosseland_2003POPHammerRosen	0.1234567E+000	Z	2	2	0	2	3	3	0	OK(单表 1+D)
mat_Ba\Ba.301	40560301	Z	123	101	1	3162	1936	3163	3164	DIFF(1+D=3163)
mat_Ba\Ba.304	40560304	Z	123	101	1	3162	1936	3163	3164	DIFF(1+D=3163)
mat_Ba\Ba.305	40560305	Z	123	101	1	3162	1936	3163	3164	DIFF(1+D=3163)
mat_Ba\Ba_1987JQSRT_Planck	0.1234567E+000	Z	2	2	0	2	3	3	0	OK(单表 1+D)
mat_Ba\Ba_1987JQSRT_Rosseland	0.1234567E+000	Z	2	2	0	2	3	3	0	OK(单表 1+D)
mat_Ba\Ba_Planck_1987JQSRT	0.1234567E+000	Z	2	2	0	2	3	3	0	OK(单表 1+D)
mat_Ba\Ba_Rosseland_1987JQSRT	0.1234567E+000	Z	2	2	0	2	3	3	0	OK(单表 1+D)
mat_Be-1.0\BE_PLANCKx03	0.00000000e+00	Z	2	2	0	2	3	3	0	OK(单表 1+D)
mat_Be-1.0\BE_SIMPLE_PLANCK	0.00000000e+00	Z	2	2	0	2	3	3	0	OK(单表 1+D)
mat_Be-1.0\BE_eos	2.02000000e+03	Z	101	50	0	1301	2589	1302	0	DIFF(1+D=1302)
mat_Be-1.0\BE_eos_e	3.04000000e+02	Z	101	50	0	1301	2589	1302	0	DIFF(1+D=1302)
mat_Be-1.0\BE_eos_i	3.05000000e+02	Z	2	2	0	2	5	3	0	DIFF(1+D=3)
mat_Be-1.0\Be20keV.PLANCK	20143000	P	20	20	30	110	3360	111	3360	OK(K=30)
mat_Be-1.0\Be20keV.ROSS	20144000	P	20	20	30	110	3360	111	3360	OK(K=30)
mat_Be-1.0\Be_40G.PLANCK	20203000	P	20	20	40	110	4480	111	4480	OK(K=40)
mat_Be-1.0\Be_40G.ROSS	20204000	P	20	20	40	110	4480	111	4480	OK(K=40)
mat_Be-1.0\Be_40G.ZEFF	20202000	Z	20	20	0	110	111	111	0	OK(单表 1+D)
mat_Be-1.0\opbe	20203000	P	20	20	80	110	9071	111	8960	DIFF(K×(2+D)=8960)
mat_Be-1.0\opbe.Planck	20203000	P	20	20	18	110	1945	111	2016	DIFF(K×(2+D)=2016)
mat_Be-1.0\opbe.Rosseland	20204000	P	20	20	18	110	1945	111	2016	DIFF(K×(2+D)=2016)
mat_Be-1.0\opbe.Zeff	20202000	Z	20	20	0	110	111	111	0	OK(单表 1+D)
mat_Bi\Bi.301	40830301	Z	123	101	1	3162	1936	3163	3164	DIFF(1+D=3163)
mat_Bi\Bi.304	40830304	Z	123	101	1	3162	1936	3163	3164	DIFF(1+D=3163)
mat_Bi\Bi.305	40830305	Z	123	101	1	3162	1936	3163	3164	DIFF(1+D=3163)
mat_C-1.0\511_ieos	511	Z	101	25	0	663	1321	664	0	DIFF(1+D=664)
mat_C-1.0\C.ZEFF	1	Z	20	20	0	110	111	111	0	OK(单表 1+D)
mat_C-1.0\C.ZEFF_old	1	Z	20	20	0	110	111	111	0	OK(单表 1+D)
mat_C-1.0\CHSi1_eos.IN	1214	Z	58	39	0	590	1171	591	0	DIFF(1+D=591)
mat_C-1.0\CHSi1_mopp	1400003	P	43	42	5	473	1939	474	2375	DIFF(K×(2+D)=2375)
mat_C-1.0\CHSi1_mopr	1400002	P	43	42	5	473	1939	474	2375	DIFF(K×(2+D)=2375)
mat_C-1.0\CH_ieos	7.59000000e+03	Z	101	100	0	2576	5127	2577	0	DIFF(1+D=2577)
mat_C-1.0\CH_mopp20	1400003	P	43	42	5	473	1939	474	2375	DIFF(K×(2+D)=2375)
mat_C-1.0\CH_mopr20	1400002	P	43	42	5	473	1939	474	2375	DIFF(K×(2+D)=2375)
mat_C-1.0\CSi2.5_mopp95	6140003	P	43	43	4	484	1939	485	1944	DIFF(K×(2+D)=1944)
mat_C-1.0\CSi2.5_mopr95	6140002	P	43	43	4	484	1939	485	1944	DIFF(K×(2+D)=1944)
mat_C-1.0\C_1G.PLANCK	10003000	P	20	20	0	110	111	111	0	DIFF(K×(2+D)=0)
mat_C-1.0\C_20GSNOP.PLANCK	10003000	P	20	20	18	110	1945	111	2016	DIFF(K×(2+D)=2016)
mat_C-1.0\C_20GSNOP.ROSS	10004000	P	20	20	18	110	1945	111	2016	DIFF(K×(2+D)=2016)
mat_C-1.0\C_20GSNOP.ZEFF	10002000	Z	20	20	0	110	111	111	0	OK(单表 1+D)
mat_C-1.0\C_EOS	75601000	Z	101	23	0	612	1219	613	0	DIFF(1+D=613)
mat_C-1.0\C_IDEAL_GAS	.30010000E+04	Z	2	2	0	2	5	3	0	DIFF(1+D=3)
mat_C-1.0\C_Planck.dat	00000000	P	43	43	4	484	1939	485	1944	DIFF(K×(2+D)=1944)
mat_C-1.0\C_Rosseland.dat	00000000	P	43	43	4	484	1939	485	1944	DIFF(K×(2+D)=1944)
mat_C-1.0\C_SIMPLE_PLANCK	.37010000E+04	Z	2	2	0	2	3	3	0	OK(单表 1+D)
mat_C-1.0\C_SIMPLE_ROSSELAND	.34010000E+04	Z	2	2	0	2	3	3	0	OK(单表 1+D)
mat_C-1.0\C_Z.dat	00000000	Z	43	43	0	484	485	485	0	OK(单表 1+D)
mat_C-1.0\Carbon.Planck	50003000	P	20	20	18	110	1945	111	2016	DIFF(K×(2+D)=2016)
mat_C-1.0\Carbon.Rosseland	50004000	P	20	20	18	110	1945	111	2016	DIFF(K×(2+D)=2016)
mat_C-1.0\Carbon.Zeff	50002000	Z	20	20	0	110	111	111	0	OK(单表 1+D)
mat_C-1.0\Carbon_DLC_ieos_e	5.00010010e+07	Z	123	100	1	3131	1936	3132	3133	DIFF(1+D=3132)
mat_C-1.0\Carbon_DLC_ieos_i	5.00010020e+07	Z	123	100	1	3131	1936	3132	3133	DIFF(1+D=3132)
mat_C-1.0\Carbon_Polystyrene_ieos_e	7.59010000e+04	Z	101	100	1	2576	1936	2577	2578	DIFF(1+D=2577)
mat_C-1.0\Carbon_Polystyrene_ieos_i	7.59020000e+04	Z	101	100	1	2576	1936	2577	2578	DIFF(1+D=2577)
mat_C-1.0\Diamond_9216.dat	92161000	Z	121	87	1	2684	1936	2685	2686	DIFF(1+D=2685)
mat_C-1.0\Diamond_e_9216.dat	92160304	Z	121	87	1	2684	1936	2685	2686	DIFF(1+D=2685)
mat_C-1.0\Diamond_i_9216.dat	92160305	Z	121	87	1	2684	1936	2685	2686	DIFF(1+D=2685)
mat_C-1.0\FEOS_Diamond.301	92160301	Z	121	88	1	2715	1936	2716	2717	DIFF(1+D=2716)
mat_C-1.0\FEOS_Diamond.304	92160304	Z	121	88	1	2715	1936	2716	2717	DIFF(1+D=2716)
mat_C-1.0\FEOS_Diamond.305	92160305	Z	121	88	1	2715	1936	2716	2717	DIFF(1+D=2716)
mat_C-1.0\FEOS_Diamond_9216.dat	92161000	Z	121	87	1	2684	1936	2685	2686	DIFF(1+D=2685)
mat_CELIA\C.ZEFF	1	Z	20	20	0	110	111	111	0	OK(单表 1+D)
mat_CELIA\C.ZEFF_old	1	Z	20	20	0	110	111	111	0	OK(单表 1+D)
mat_CELIA\CH_ieos	7.59000000e+03	Z	101	100	0	2576	5127	2577	0	DIFF(1+D=2577)
mat_CELIA\C_100G.PLANCK	10003000	P	20	20	100	110	11200	111	11200	OK(K=100)
mat_CELIA\C_100G.ROSS	10004000	P	20	20	100	110	11200	111	11200	OK(K=100)
mat_CELIA\C_1G.PLANCK	10003000	P	20	20	0	110	111	111	0	DIFF(K×(2+D)=0)
mat_CELIA\C_1G.ROSS	10004000	P	20	20	0	110	111	111	0	DIFF(K×(2+D)=0)
mat_CELIA\C_20G.PLANCK	10003000	P	20	20	20	110	2240	111	2240	OK(K=20)
mat_CELIA\C_20G.ROSS	10004000	P	20	20	20	110	2240	111	2240	OK(K=20)
mat_CELIA\C_AN.PLANCK	1	P	20	20	0	110	111	111	0	DIFF(K×(2+D)=0)
mat_CELIA\D.ZEFF	1	Z	20	20	0	110	111	111	0	OK(单表 1+D)
mat_CELIA\D.ZEFF_old	1	Z	20	20	0	110	111	111	0	OK(单表 1+D)
mat_CELIA\DD_ieos	5.27100000e+03	Z	50	25	0	332	658	333	0	DIFF(1+D=333)
mat_CELIA\DT_ieos	5.27100000e+03	Z	50	25	0	332	658	333	0	DIFF(1+D=333)
mat_CELIA\D_100G.PLANCK	10003000	P	20	20	100	110	11200	111	11200	OK(K=100)
mat_CELIA\D_100G.ROSS	10004000	P	20	20	100	110	11200	111	11200	OK(K=100)
mat_CELIA\D_1G.PLANCK	10003000	P	20	20	0	110	111	111	0	DIFF(K×(2+D)=0)
mat_CELIA\D_1G.ROSS	10004000	P	20	20	0	110	111	111	0	DIFF(K×(2+D)=0)
mat_CELIA\D_20G.PLANCK	10003000	P	20	20	20	110	2240	111	2240	OK(K=20)
mat_CELIA\D_20G.ROSS	10004000	P	20	20	20	110	2240	111	2240	OK(K=20)
mat_CELIA\D_AN.PLANCK	20065000	P	20	20	0	110	111	111	0	DIFF(K×(2+D)=0)
mat_CELIA\D_AN.ROSS	20065000	P	20	20	0	110	111	111	0	DIFF(K×(2+D)=0)
mat_CELIA\Deutrium.Zeff	1	Z	20	20	0	110	111	111	0	OK(单表 1+D)
mat_CELIA\H_1G.PLANCK	20063000	P	20	20	0	110	111	111	0	DIFF(K×(2+D)=0)
mat_CELIA\H_1G.ROSS	20064000	P	20	20	0	110	111	111	0	DIFF(K×(2+D)=0)
mat_CH2\planckmg.out	20071004	P	30	42	50	333	16750	334	16750	OK(K=50)
mat_CH2\rossmg.out	20071004	P	30	42	50	333	16750	334	16750	OK(K=50)
mat_CH2\zeff.out	20071004	Z	30	42	0	333	334	334	0	OK(单表 1+D)
mat_CHBr\C50H38Br12_mopp	1400003	P	43	42	5	473	1939	474	2375	DIFF(K×(2+D)=2375)
mat_CHBr\C50H38Br12_mopr	1400002	P	43	42	5	473	1939	474	2375	DIFF(K×(2+D)=2375)
mat_CHBr\CHBr3at%\C50H47Br3_mopp	0700003	P	43	42	5	473	1939	474	2375	DIFF(K×(2+D)=2375)
mat_CHBr\CHBr3at%\C50H47Br3_mopr	0700002	P	43	42	5	473	1939	474	2375	DIFF(K×(2+D)=2375)
mat_CPC\AU.INV	1.00003010e+07	Z	123	100	0	3131	6238	3132	0	DIFF(1+D=3132)
mat_CPC\AU_WorkOp_Ross	.24010000E+04	Z	2	2	0	2	3	3	0	OK(单表 1+D)
mat_CPC\BE.INV	1.00003010e+07	Z	123	100	0	3131	6238	3132	0	DIFF(1+D=3132)
mat_CPC\BE_PLANCKx03	0.00000000e+00	Z	2	2	0	2	3	3	0	OK(单表 1+D)
mat_Ce\Ce.EPS	27005000	P	20	20	18	110	1945	111	2016	DIFF(K×(2+D)=2016)
mat_Ce\Ce.PLANCK	27003000	P	20	20	18	110	1945	111	2016	DIFF(K×(2+D)=2016)
mat_Ce\Ce.ROSS	27004000	P	20	20	18	110	1945	111	2016	DIFF(K×(2+D)=2016)
mat_Ce\Cerium.301	0001075230301	Z	123	97	1	3038	1936	3039	3040	DIFF(1+D=3039)
mat_Cl\Cl.301	40170301	Z	123	101	1	3162	1936	3163	3164	DIFF(1+D=3163)
mat_Cl\Cl.304	40170304	Z	123	101	1	3162	1936	3163	3164	DIFF(1+D=3163)
mat_Cl\Cl.305	40170305	Z	123	101	1	3162	1936	3163	3164	DIFF(1+D=3163)
mat_Co\Co.301	40270301	Z	123	101	1	3162	1936	3163	3164	DIFF(1+D=3163)
mat_Co\Co.304	40270304	Z	123	101	1	3162	1936	3163	3164	DIFF(1+D=3163)
mat_Co\Co.305	40270305	Z	123	101	1	3162	1936	3163	3164	DIFF(1+D=3163)
mat_Cr\Cr.301	40240301	Z	123	101	1	3162	1936	3163	3164	DIFF(1+D=3163)
mat_Cr\Cr.304	40240304	Z	123	101	1	3162	1936	3163	3164	DIFF(1+D=3163)
mat_Cr\Cr.305	40240305	Z	123	101	1	3162	1936	3163	3164	DIFF(1+D=3163)
mat_DT-1.0\DT20keV.PLANCK	20143000	P	20	20	30	110	3360	111	3360	OK(K=30)
mat_DT-1.0\DT20keV.ROSS	20144000	P	20	20	30	110	3360	111	3360	OK(K=30)
mat_DT-1.0\DT_EOS	5.27100000e+03	Z	50	25	0	332	658	333	0	DIFF(1+D=333)
mat_DT-1.0\DT_EOS_e	5.27110000e+04	Z	50	25	0	332	658	333	0	DIFF(1+D=333)
mat_DT-1.0\DT_EOS_i	5.27120000e+04	Z	50	25	0	332	658	333	0	DIFF(1+D=333)
mat_DT-1.0\DT_IDEAL_GAS	.40010000E+04	Z	2	2	0	2	5	3	0	DIFF(1+D=3)
mat_DT-1.0\DT_SIMPLE_PLANCK	.47010000E+04	Z	2	2	0	2	3	3	0	OK(单表 1+D)
mat_DT-1.0\DT_SIMPLE_ROSSELAND	.44010000E+04	Z	2	2	0	2	3	3	0	OK(单表 1+D)
mat_Dy\Dy.301	40660301	Z	123	101	1	3162	1936	3163	3164	DIFF(1+D=3163)
mat_Dy\Dy.304	40660304	Z	123	101	1	3162	1936	3163	3164	DIFF(1+D=3163)
mat_Dy\Dy.305	40660305	Z	123	101	1	3162	1936	3163	3164	DIFF(1+D=3163)
mat_Eu\Eu_Planck_1987JQSRT	0.1234567E+000	Z	2	2	0	2	3	3	0	OK(单表 1+D)
mat_Eu\Eu_Rosseland_1987JQSRT	0.1234567E+000	Z	2	2	0	2	3	3	0	OK(单表 1+D)
mat_F\F.301	40090301	Z	123	101	1	3162	1936	3163	3164	DIFF(1+D=3163)
mat_F\F.304	40090304	Z	123	101	1	3162	1936	3163	3164	DIFF(1+D=3163)
mat_F\F.305	40090305	Z	123	101	1	3162	1936	3163	3164	DIFF(1+D=3163)
mat_Gd\Gd100EPS	27005000	P	30	50	5	395	1938	396	1985	DIFF(K×(2+D)=1985)
mat_Gd\Gd100PLANCK	27003000	P	30	50	5	395	1938	396	1985	DIFF(K×(2+D)=1985)
mat_Gd\Gd100ROSS	27004000	P	30	50	5	395	1938	396	1985	DIFF(K×(2+D)=1985)
mat_Gd\Gd20EPS	27005000	P	20	20	18	110	1945	111	2016	DIFF(K×(2+D)=2016)
mat_Gd\Gd20PLANCK	27003000	P	20	20	18	110	1945	111	2016	DIFF(K×(2+D)=2016)
mat_Gd\Gd20ROSS	27004000	P	20	20	18	110	1945	111	2016	DIFF(K×(2+D)=2016)
mat_Gd\Gd_op100EPS	27005000	P	40	40	5	420	1938	421	2110	DIFF(K×(2+D)=2110)
mat_Gd\Gd_op100PLANCK	27003000	P	40	40	5	420	1938	421	2110	DIFF(K×(2+D)=2110)
mat_Gd\Gd_op100ROSS	27004000	P	40	40	5	420	1938	421	2110	DIFF(K×(2+D)=2110)
mat_Ge\Ge_2002FED_Planck	0.1234567E+000	Z	2	2	0	2	3	3	0	OK(单表 1+D)
mat_Ge\Ge_2002FED_Rosseland	0.1234567E+000	Z	2	2	0	2	3	3	0	OK(单表 1+D)
mat_Ge\Ge_Planck_1999Minguez	0.1234567E+000	Z	2	2	0	2	3	3	0	OK(单表 1+D)
mat_Ge\Ge_Rosseland_1999Minguez	0.1234567E+000	Z	2	2	0	2	3	3	0	OK(单表 1+D)
mat_He\SNOP.PLANCK	27003000	P	20	20	18	110	1945	111	2016	DIFF(K×(2+D)=2016)
mat_He\SNOP.ROSS	27004000	P	20	20	18	110	1945	111	2016	DIFF(K×(2+D)=2016)
mat_He\SNOP.ZEFF	27002000	Z	20	20	0	110	111	111	0	OK(单表 1+D)
mat_K\K.301	40190301	Z	123	101	1	3162	1936	3163	3164	DIFF(1+D=3163)
mat_K\K.304	40190304	Z	123	101	1	3162	1936	3163	3164	DIFF(1+D=3163)
mat_K\K.305	40190305	Z	123	101	1	3162	1936	3163	3164	DIFF(1+D=3163)
mat_N\N.301	50000301	Z	123	101	1	3162	1936	3163	3164	DIFF(1+D=3163)
mat_N\N.304	50000304	Z	123	101	1	3162	1936	3163	3164	DIFF(1+D=3163)
mat_N\N.305	50000305	Z	123	101	1	3162	1936	3163	3164	DIFF(1+D=3163)
mat_Na\Na.301	22930301	Z	123	101	1	3162	1936	3163	3164	DIFF(1+D=3163)
mat_Na\Na.304	22930304	Z	123	101	1	3162	1936	3163	3164	DIFF(1+D=3163)
mat_Na\Na.305	22930305	Z	123	101	1	3162	1936	3163	3164	DIFF(1+D=3163)
mat_Ne\Ne.301	50300301	Z	123	101	1	3162	1936	3163	3164	DIFF(1+D=3163)
mat_Ne\Ne.304	50300304	Z	123	101	1	3162	1936	3163	3164	DIFF(1+D=3163)
mat_Ne\Ne.305	50300305	Z	123	101	1	3162	1936	3163	3164	DIFF(1+D=3163)
mat_O\O.301	50100301	Z	123	101	1	3162	1936	3163	3164	DIFF(1+D=3163)
mat_O\O.304	50100304	Z	123	101	1	3162	1936	3163	3164	DIFF(1+D=3163)
mat_O\O.305	50100305	Z	123	101	1	3162	1936	3163	3164	DIFF(1+D=3163)
mat_Others\CH10Water1\CH10Water1_ieos	61310	Z	26	50	1	344	677	345	346	DIFF(1+D=345)
mat_Others\CH10Water1\CH2_H2O_1m1Z	3.1315100E+007	Z	37	50	0	485	486	486	0	OK(单表 1+D)
mat_Others\CH10Water1\CH2_H2O_1m1opp	3.1315200E+006	P	37	50	4	485	1940	486	1948	DIFF(K×(2+D)=1948)
mat_Others\CH10Water1\CH2_H2O_1m1opr	3.1315200E+005	P	37	50	4	485	1940	486	1948	DIFF(K×(2+D)=1948)
mat_Others\CH10Water2\CH10Water2_ieos	313152	Z	26	50	1	344	677	345	346	DIFF(1+D=345)
mat_Others\CH10Water2\CH2_H2O_2m1Z	3.1315200E+007	Z	37	50	0	485	486	486	0	OK(单表 1+D)
mat_Others\CH10Water2\CH2_H2O_2m1opp	3.1315300E+006	P	37	50	4	485	1940	486	1948	DIFF(K×(2+D)=1948)
mat_Others\CH10Water2\CH2_H2O_2m1opr	3.1315300E+005	P	37	50	4	485	1940	486	1948	DIFF(K×(2+D)=1948)
mat_Others\Mix20keV.EPS	20145000	P	20	20	30	110	3360	111	3360	OK(K=30)
mat_Others\Mix20keV.PLANCK	20143000	P	20	20	30	110	3360	111	3360	OK(K=30)
mat_Others\Mix20keV.ROSS	20144000	P	20	20	30	110	3360	111	3360	OK(K=30)
mat_P\P-red.301	90150301	Z	123	101	1	3162	1936	3163	3164	DIFF(1+D=3163)
mat_P\P-red.304	90150304	Z	123	101	1	3162	1936	3163	3164	DIFF(1+D=3163)
mat_P\P-red.305	90150305	Z	123	101	1	3162	1936	3163	3164	DIFF(1+D=3163)
mat_P\RedP.301	90150301	Z	123	101	1	3162	1936	3163	3164	DIFF(1+D=3163)
mat_P\RedP.304	90150304	Z	123	101	1	3162	1936	3163	3164	DIFF(1+D=3163)
mat_P\RedP.305	90150305	Z	123	101	1	3162	1936	3163	3164	DIFF(1+D=3163)
mat_Pd\Pd.301	40360301	Z	123	101	1	3162	1936	3163	3164	DIFF(1+D=3163)
mat_Pd\Pd.304	40360304	Z	123	101	1	3162	1936	3163	3164	DIFF(1+D=3163)
mat_Pd\Pd.305	40360305	Z	123	101	1	3162	1936	3163	3164	DIFF(1+D=3163)
mat_Sc\Sc.301	40210301	Z	123	101	1	3162	1936	3163	3164	DIFF(1+D=3163)
mat_Sc\Sc.304	40210304	Z	123	101	1	3162	1936	3163	3164	DIFF(1+D=3163)
mat_Sc\Sc.305	40210305	Z	123	101	1	3162	1936	3163	3164	DIFF(1+D=3163)
mat_Sc\Sc2.301	40210301	Z	123	101	1	3162	1936	3163	3164	DIFF(1+D=3163)
mat_Sc\Sc2.304	40210304	Z	123	101	1	3162	1936	3163	3164	DIFF(1+D=3163)
mat_Sc\Sc2.305	40210305	Z	123	101	1	3162	1936	3163	3164	DIFF(1+D=3163)
mat_Sm\Sm.301	40620301	Z	123	101	1	3162	1936	3163	3164	DIFF(1+D=3163)
mat_Sm\Sm.304	40620304	Z	123	101	1	3162	1936	3163	3164	DIFF(1+D=3163)
mat_Sm\Sm.305	40620305	Z	123	101	1	3162	1936	3163	3164	DIFF(1+D=3163)
mat_Sn\Sn_Planck_1987JQSRT	0.1234567E+000	Z	2	2	0	2	3	3	0	OK(单表 1+D)
mat_Sn\Sn_Rosseland_1987JQSRT	0.1234567E+000	Z	2	2	0	2	3	3	0	OK(单表 1+D)
mat_Ti\422_ieos	422	Z	43	22	0	253	501	254	0	DIFF(1+D=254)
mat_Ti\SNOP_LTE.PLANCK	27003000	P	20	20	18	110	1945	111	2016	DIFF(K×(2+D)=2016)
mat_Ti\SNOP_LTE.ROSS	27004000	P	20	20	18	110	1945	111	2016	DIFF(K×(2+D)=2016)
mat_Ti\SNOP_LTE.ZEFF	27002000	Z	20	20	0	110	111	111	0	OK(单表 1+D)
mat_Ti\SNOP_NLTE.EPS	27005000	P	20	20	18	110	1945	111	2016	DIFF(K×(2+D)=2016)
mat_Ti\SNOP_NLTE.PLANCK	27003000	P	20	20	18	110	1945	111	2016	DIFF(K×(2+D)=2016)
mat_Ti\SNOP_NLTE.ROSS	27004000	P	20	20	18	110	1945	111	2016	DIFF(K×(2+D)=2016)
mat_Ti\SNOP_NLTE.ZEFF	27002000	Z	20	20	0	110	111	111	0	OK(单表 1+D)
mat_Ti\Ti_EPS	0.28605000e+04	P	20	20	18	110	1945	111	2016	DIFF(K×(2+D)=2016)
mat_Ti\Ti_Planck	0.28603000e+04	P	20	20	18	110	1945	111	2016	DIFF(K×(2+D)=2016)
mat_Ti\Ti_eos	0.28600000e+04	Z	45	100	1	1162	1936	1163	1164	DIFF(1+D=1163)
mat_Vacuum\Vacuum_Opacity.dat	0.1234567E+000	Z	2	2	0	2	3	3	0	OK(单表 1+D)
