src	->	dest	subpath	kind	n_files	bytes
_candtok.json	01_inventory		FILE	1	6825
_filelist_tmp.txt	01_inventory		FILE	1	0
_fl.txt	01_inventory		FILE	1	1746
_idx_portable.json	01_inventory		FILE	1	134009
_idx_repo.json	01_inventory		FILE	1	278420
_ls.py	01_inventory		FILE	1	1375
_ls2.py	01_inventory		FILE	1	1685
_mats.py	01_inventory		FILE	1	1066
_mhead.py	01_inventory		FILE	1	1127
_miss.json	01_inventory		FILE	1	1360
_pathtok.json	01_inventory		FILE	1	22084
_tree.py	01_inventory		FILE	1	2330
build_inventory.py	01_inventory		FILE	1	5491
count_patterns.py	01_inventory		FILE	1	1580
count_patterns.txt	01_inventory		FILE	1	92370
cov_check.py	01_inventory		FILE	1	1086
diag_issues.py	01_inventory		FILE	1	1210
dirlist.txt	01_inventory		FILE	1	3280
dirlist2.txt	01_inventory		FILE	1	2761
find2.py	01_inventory		FILE	1	596
find_lower.py	01_inventory		FILE	1	988
find_lower2.py	01_inventory		FILE	1	560
inv_classified.txt	01_inventory		FILE	1	48509
inv_classify.py	01_inventory		FILE	1	2792
inv_matter.json	01_inventory		FILE	1	3057
inv_matter.py	01_inventory		FILE	1	2086
inv_two_tmp.py	01_inventory		FILE	1	967
ls_head.py	01_inventory		FILE	1	513
ls_state.py	01_inventory		FILE	1	471
out_feosls.txt	01_inventory		FILE	1	114
out_lsroot.txt	01_inventory		FILE	1	1072
out_srcs.txt	01_inventory		FILE	1	3
paths_resolve.json	01_inventory		FILE	1	53846
probe_00_env.py	01_inventory		FILE	1	905
probe_09_lsroot.py	01_inventory		FILE	1	1237
probe_lower.py	01_inventory		FILE	1	1103
scan.txt	01_inventory		FILE	1	16471
uncovered.py	01_inventory		FILE	1	1151
z_amb.py	01_inventory		FILE	1	1796
z_amb_out.txt	01_inventory		FILE	1	27274
z_classify.py	01_inventory		FILE	1	3200
z_classify.tsv	01_inventory		FILE	1	20645
z_err.txt	01_inventory		FILE	1	0
z_f12.py	01_inventory		FILE	1	2023
z_f12b.py	01_inventory		FILE	1	2024
z_final.py	01_inventory		FILE	1	1942
z_inv.py	01_inventory		FILE	1	1958
z_inv2.py	01_inventory		FILE	1	1646
z_inv_list.txt	01_inventory		FILE	1	38569
z_mem.py	01_inventory		FILE	1	6514
z_mem2.py	01_inventory		FILE	1	5648
z_memskill.py	01_inventory		FILE	1	7248
z_org_out.txt	01_inventory		FILE	1	0
z_organize.py	01_inventory		FILE	1	12820
z_punit.py	01_inventory		FILE	1	3841
z_readme.py	01_inventory		FILE	1	15420
z_recon.py	01_inventory		FILE	1	2211
z_status.py	01_inventory		FILE	1	1818
_ch8.txt	02_doc_extract		FILE	1	35996
_feos_pdf_dump.txt	02_doc_extract		FILE	1	107210
ch.txt	02_doc_extract		FILE	1	762
doc_misc.txt	02_doc_extract		FILE	1	98065
docext/	02_doc_extract		DIR	3	42058
docx_extract.txt	02_doc_extract		FILE	1	61998
enum_doc_matter.txt	02_doc_extract		FILE	1	42468
extract_doc.py	02_doc_extract		FILE	1	6090
extract_legacy.py	02_doc_extract		FILE	1	5623
fds_gui.txt	02_doc_extract		FILE	1	17247
legacy/	02_doc_extract		DIR	9	143137
legacy_doc.txt	02_doc_extract		FILE	1	14096
legacy_doc_be.txt	02_doc_extract		FILE	1	25564
legacy_doc_full.txt	02_doc_extract		FILE	1	30691
pdf_extract.py	02_doc_extract		FILE	1	1325
pdfext/	02_doc_extract		DIR	7	340690
seg.txt	02_doc_extract		FILE	1	4368
tbl.txt	02_doc_extract		FILE	1	2218
textdocs.txt	02_doc_extract		FILE	1	101617
toc.txt	02_doc_extract		FILE	1	4905
xlsx_extract.txt	02_doc_extract		FILE	1	8558
anchors.md	03_anchors		FILE	1	66702
build_anchors.py	03_anchors		FILE	1	5868
find_anchors.py	03_anchors		FILE	1	451
sample_index.md	03_anchors		FILE	1	9359
cst_inventory.json	04_probe/01_cst_and_noext		FILE	1	12515
noext_cst.py	04_probe/01_cst_and_noext		FILE	1	1714
noext_inventory.json	04_probe/01_cst_and_noext		FILE	1	6901
out_01.txt	04_probe/01_cst_and_noext		FILE	1	7983
out_02.txt	04_probe/01_cst_and_noext		FILE	1	4345
out_03.txt	04_probe/01_cst_and_noext		FILE	1	9786
out_04.txt	04_probe/01_cst_and_noext		FILE	1	5649
out_05.txt	04_probe/01_cst_and_noext		FILE	1	5504
out_06.txt	04_probe/01_cst_and_noext		FILE	1	2450
out_07.txt	04_probe/01_cst_and_noext		FILE	1	1457
out_08.txt	04_probe/01_cst_and_noext		FILE	1	14055
out_09.txt	04_probe/01_cst_and_noext		FILE	1	2818
out_10.txt	04_probe/01_cst_and_noext		FILE	1	5240
out_11.txt	04_probe/01_cst_and_noext		FILE	1	107127
out_12.txt	04_probe/01_cst_and_noext		FILE	1	14708
out_13.txt	04_probe/01_cst_and_noext		FILE	1	3915
out_14.txt	04_probe/01_cst_and_noext		FILE	1	5971
out_14_log.txt	04_probe/01_cst_and_noext		FILE	1	9
out_dummy.txt	04_probe/01_cst_and_noext		FILE	1	13
probe_01_cst.py	04_probe/01_cst_and_noext		FILE	1	2493
probe_02_cst_cols.py	04_probe/01_cst_and_noext		FILE	1	5347
probe_03_structure.py	04_probe/01_cst_and_noext		FILE	1	3124
probe_04_blocks.py	04_probe/01_cst_and_noext		FILE	1	3067
probe_05_closure.py	04_probe/01_cst_and_noext		FILE	1	2864
probe_06_final_closure.py	04_probe/01_cst_and_noext		FILE	1	2294
probe_07_closure_exact.py	04_probe/01_cst_and_noext		FILE	1	1316
probe_08_noext.py	04_probe/01_cst_and_noext		FILE	1	1826
probe_10_docs.py	04_probe/01_cst_and_noext		FILE	1	1849
probe_11_stubs.py	04_probe/01_cst_and_noext		FILE	1	3489
probe_12_verify.py	04_probe/01_cst_and_noext		FILE	1	6520
probe_13_cst_equiv.py	04_probe/01_cst_and_noext		FILE	1	5294
probe_14_splitfix.py	04_probe/01_cst_and_noext		FILE	1	2599
probe_cst_noext.py	04_probe/01_cst_and_noext		FILE	1	1438
census_mg.tsv	04_probe/02_multigroup_planck		FILE	1	40317
census_mg2.txt	04_probe/02_multigroup_planck		FILE	1	87617
multigroup_opacity_FINAL.md	04_probe/02_multigroup_planck		FILE	1	9187
multigroup_opacity_finding.md	04_probe/02_multigroup_planck		FILE	1	7265
my_groups_cmp.py	04_probe/02_multigroup_planck		FILE	1	2331
my_plancK_probe.py	04_probe/02_multigroup_planck		FILE	1	1981
my_planck_blocks.py	04_probe/02_multigroup_planck		FILE	1	2061
my_planck_close.py	04_probe/02_multigroup_planck		FILE	1	1445
my_planck_close2.py	04_probe/02_multigroup_planck		FILE	1	1865
my_planck_close3.py	04_probe/02_multigroup_planck		FILE	1	2792
my_planck_final.py	04_probe/02_multigroup_planck		FILE	1	2110
my_planck_groups.py	04_probe/02_multigroup_planck		FILE	1	2035
my_planck_groupsolve.py	04_probe/02_multigroup_planck		FILE	1	1851
my_planck_h.py	04_probe/02_multigroup_planck		FILE	1	2052
my_planck_period.py	04_probe/02_multigroup_planck		FILE	1	2148
my_planck_recount.py	04_probe/02_multigroup_planck		FILE	1	1877
my_planck_seg.py	04_probe/02_multigroup_planck		FILE	1	1716
my_planck_solve.py	04_probe/02_multigroup_planck		FILE	1	2236
my_planck_struct.py	04_probe/02_multigroup_planck		FILE	1	2051
q_cards.py	04_probe/02_multigroup_planck		FILE	1	3766
q_cards2.py	04_probe/02_multigroup_planck		FILE	1	4551
q_cards2_out.txt	04_probe/02_multigroup_planck		FILE	1	18420
q_census.py	04_probe/02_multigroup_planck		FILE	1	3787
q_census2.py	04_probe/02_multigroup_planck		FILE	1	3670
q_opbe.py	04_probe/02_multigroup_planck		FILE	1	2062
q_skel.py	04_probe/02_multigroup_planck		FILE	1	2196
q_struct.py	04_probe/02_multigroup_planck		FILE	1	1785
q_taxis.py	04_probe/02_multigroup_planck		FILE	1	3484
q_zeff.py	04_probe/02_multigroup_planck		FILE	1	3292
RECHECK_sesame.py	04_probe/03_sesame		FILE	1	3428
RECHECK_sesame.txt	04_probe/03_sesame		FILE	1	3885
_sesame_au.txt	04_probe/03_sesame		FILE	1	6155
probe_sesame_E_P.py	04_probe/03_sesame		FILE	1	3697
probe_sesame_layout.py	04_probe/03_sesame		FILE	1	3456
probe_sesame_tail.py	04_probe/03_sesame		FILE	1	2700
sesame_dump.txt	04_probe/03_sesame		FILE	1	9241
sesame_extract.txt	04_probe/03_sesame		FILE	1	7756
v_sesame_confirm.py	04_probe/03_sesame		FILE	1	950
v_sesame_count.py	04_probe/03_sesame		FILE	1	835
v_sesame_solve.py	04_probe/03_sesame		FILE	1	1267
verify_sesame_list.py	04_probe/03_sesame		FILE	1	451
verify_sesame_semantics.py	04_probe/03_sesame		FILE	1	2826
_dump_c20g.txt	04_probe/04_feos		FILE	1	14994
al_feos_probe.out	04_probe/04_feos		FILE	1	192777
dbg_feos.py	04_probe/04_feos		FILE	1	548
dbg_sio2.py	04_probe/04_feos		FILE	1	495
feos_src_q1.py	04_probe/04_feos		FILE	1	1943
probe_al_feos.py	04_probe/04_feos		FILE	1	2167
probe_feos.py	04_probe/04_feos		FILE	1	768
probe_feos2.py	04_probe/04_feos		FILE	1	986
probe_feos3.py	04_probe/04_feos		FILE	1	683
verify_feos.py	04_probe/04_feos		FILE	1	1567
verify_feos2.py	04_probe/04_feos		FILE	1	1883
verify_feos3.py	04_probe/04_feos		FILE	1	1057
verify_feos4.py	04_probe/04_feos		FILE	1	1221
verify_feos5.py	04_probe/04_feos		FILE	1	1074
verify_feos6.py	04_probe/04_feos		FILE	1	742
atomic_dump.txt	04_probe/05_hyades_ionmix		FILE	1	24021
dataheaders.txt	04_probe/05_hyades_ionmix		FILE	1	73230
dbg_cn4.py	04_probe/05_hyades_ionmix		FILE	1	918
hyades_doc.txt	04_probe/05_hyades_ionmix		FILE	1	18302
list_hyades.py	04_probe/05_hyades_ionmix		FILE	1	394
probe_hyades.py	04_probe/05_hyades_ionmix		FILE	1	1108
verify_hyades.py	04_probe/05_hyades_ionmix		FILE	1	2808
_dump.py	04_probe/06_general		FILE	1	802
_probe.py	04_probe/06_general		FILE	1	867
_probe2.py	04_probe/06_general		FILE	1	1863
_x.py	04_probe/06_general		FILE	1	951
path_verify2.py	04_probe/06_general		FILE	1	2864
path_verify3.py	04_probe/06_general		FILE	1	2522
probe_anchors2.py	04_probe/06_general		FILE	1	1188
probe_manual_order.py	04_probe/06_general		FILE	1	4582
probe_tail2.py	04_probe/06_general		FILE	1	3528
probe_tail3.py	04_probe/06_general		FILE	1	3941
verify2.py	04_probe/06_general		FILE	1	2404
verify3.py	04_probe/06_general		FILE	1	743
verify4.py	04_probe/06_general		FILE	1	1722
verify5.py	04_probe/06_general		FILE	1	1279
verify6.py	04_probe/06_general		FILE	1	2035
verify7.py	04_probe/06_general		FILE	1	1763
probe_noext/	04_probe/probe_noext_agent		DIR	37	194075
DELIVERABLES.txt	05_cross_validation		FILE	1	1292
arb2.py	05_cross_validation		FILE	1	1743
arb3.py	05_cross_validation		FILE	1	1697
arb_au.py	05_cross_validation		FILE	1	1375
arbitration.md	05_cross_validation		FILE	1	6781
check_deliverables.py	05_cross_validation		FILE	1	1064
cross_validation.md	05_cross_validation		FILE	1	22153
cst_naming_finding.md	05_cross_validation		FILE	1	5722
eos_final.py	05_cross_validation		FILE	1	9796
eos_readers.py	05_cross_validation		FILE	1	11563
verdictB.txt	05_cross_validation		FILE	1	2403
verdictB2.txt	05_cross_validation		FILE	1	2726
xv2f.log	05_cross_validation		FILE	1	204
xval_s10.log	05_cross_validation		FILE	1	172
xval_s10.py	05_cross_validation		FILE	1	3450
xval_s10.txt	05_cross_validation		FILE	1	5401
xval_s11.log	05_cross_validation		FILE	1	173
xval_s11.py	05_cross_validation		FILE	1	3391
xval_s11.txt	05_cross_validation		FILE	1	15402
xval_s12.log	05_cross_validation		FILE	1	172
xval_s12.py	05_cross_validation		FILE	1	3282
xval_s12.txt	05_cross_validation		FILE	1	5758
xval_s13.log	05_cross_validation		FILE	1	172
xval_s13.py	05_cross_validation		FILE	1	2534
xval_s13.txt	05_cross_validation		FILE	1	2575
xval_s14.log	05_cross_validation		FILE	1	172
xval_s14.py	05_cross_validation		FILE	1	6336
xval_s14.txt	05_cross_validation		FILE	1	5130
xval_s1_inventory.py	05_cross_validation		FILE	1	5797
xval_s1_inventory.txt	05_cross_validation		FILE	1	49993
xval_s1b_files.py	05_cross_validation		FILE	1	2416
xval_s1b_files.txt	05_cross_validation		FILE	1	117955
xval_s1c_names.py	05_cross_validation		FILE	1	1231
xval_s1c_names.txt	05_cross_validation		FILE	1	18225
xval_s2_closure.py	05_cross_validation		FILE	1	9701
xval_s2_closure.txt	05_cross_validation		FILE	1	43639
xval_s2b_proof.py	05_cross_validation		FILE	1	7704
xval_s2b_proof.txt	05_cross_validation		FILE	1	9862
xval_s4.log	05_cross_validation		FILE	1	172
xval_s4.py	05_cross_validation		FILE	1	5417
xval_s4.txt	05_cross_validation		FILE	1	17144
xval_s5.log	05_cross_validation		FILE	1	172
xval_s5.py	05_cross_validation		FILE	1	4026
xval_s5.txt	05_cross_validation		FILE	1	14647
xval_s6.log	05_cross_validation		FILE	1	172
xval_s6.py	05_cross_validation		FILE	1	2496
xval_s6.txt	05_cross_validation		FILE	1	11220
xval_s7.log	05_cross_validation		FILE	1	171
xval_s7.py	05_cross_validation		FILE	1	2701
xval_s7.txt	05_cross_validation		FILE	1	7707
xval_s8.log	05_cross_validation		FILE	1	171
xval_s8.py	05_cross_validation		FILE	1	3604
xval_s8.txt	05_cross_validation		FILE	1	5596
xval_s9.log	05_cross_validation		FILE	1	171
xval_s9.py	05_cross_validation		FILE	1	4517
xval_s9.txt	05_cross_validation		FILE	1	4598
_w7.txt	06_agent_reports		FILE	1	11616
_wv2_idx.txt	06_agent_reports		FILE	1	12019
explore_multi_formats.md	06_agent_reports		FILE	1	41045
explore_python_support.md	06_agent_reports		FILE	1	34300
feos_formats.md	06_agent_reports		FILE	1	72531
formats_from_source.md	06_agent_reports		FILE	1	41191
formats_resolved.md	06_agent_reports		FILE	1	47797
missed_dirs.md	06_agent_reports		FILE	1	62259
naming_cst_formats.md	06_agent_reports		FILE	1	23426
noext_formats.md	06_agent_reports		FILE	1	46213
src_doc_aux.md	06_agent_reports		FILE	1	261701
src_doc_core.md	06_agent_reports		FILE	1	441912
src_doc_tables.md	06_agent_reports		FILE	1	24176
src_doc_tree.md	06_agent_reports		FILE	1	11184
src_ionmix_snop.md	06_agent_reports		FILE	1	56329
src_sesame_ledcop.md	06_agent_reports		FILE	1	49411
web_verify.md	06_agent_reports		FILE	1	11396
web_verify2.md	06_agent_reports		FILE	1	61669
_appE.txt	07_doc_build		FILE	1	2975
add_tnums.py	07_doc_build		FILE	1	3502
appF.txt	07_doc_build		FILE	1	9897
app_tables.py	07_doc_build		FILE	1	1423
append_mem.py	07_doc_build		FILE	1	8163
empty_s1.py	07_doc_build		FILE	1	809
find_real.py	07_doc_build		FILE	1	1207
fix_paths_scan.py	07_doc_build		FILE	1	3468
fix_sec_refs.py	07_doc_build		FILE	1	2712
merge_doc.py	07_doc_build		FILE	1	3090
multi_doc_parts/	07_doc_build		DIR	17	692478
new_145.md	07_doc_build		FILE	1	14257
p10_tail.py	07_doc_build		FILE	1	3073
p11_fix145.py	07_doc_build		FILE	1	7986
p12_sync.py	07_doc_build		FILE	1	8931
p13_feos_fix.py	07_doc_build		FILE	1	10698
p14_close.py	07_doc_build		FILE	1	1289
p15_restore.py	07_doc_build		FILE	1	4073
p1_add145.py	07_doc_build		FILE	1	11781
p1_ctx.py	07_doc_build		FILE	1	621
p1_fix.py	07_doc_build		FILE	1	850
p1_scan.py	07_doc_build		FILE	1	1031
p2_fix14_159.py	07_doc_build		FILE	1	6538
p3_add_1514_appB.py	07_doc_build		FILE	1	16555
p4_errata.py	07_doc_build		FILE	1	7603
p5_appE_F.py	07_doc_build		FILE	1	7886
p6_frontmatter.py	07_doc_build		FILE	1	7979
p7_reorder.py	07_doc_build		FILE	1	7043
p7b_reorder.py	07_doc_build		FILE	1	5160
p8_fixorder.py	07_doc_build		FILE	1	3825
p9_final_fixes.py	07_doc_build		FILE	1	9147
parts/	07_doc_build		DIR	1	59028
patch_1006.py	07_doc_build		FILE	1	26771
patch_1512.py	07_doc_build		FILE	1	7974
patch_appB.py	07_doc_build		FILE	1	7099
patch_appB2.py	07_doc_build		FILE	1	9637
patch_appF.py	07_doc_build		FILE	1	9565
patch_body.py	07_doc_build		FILE	1	12958
patch_ch15.py	07_doc_build		FILE	1	4893
patch_cleanup.py	07_doc_build		FILE	1	4958
patch_final.py	07_doc_build		FILE	1	2561
patch_reindex.py	07_doc_build		FILE	1	1713
patch_rules.py	07_doc_build		FILE	1	4215
plan_multi_doc.md	07_doc_build		FILE	1	37843
DEBUG_paths.py	08_audit		FILE	1	1574
DEBUG_paths.txt	08_audit		FILE	1	841
audit.py	08_audit		FILE	1	3108
audit.txt	08_audit		FILE	1	3614
auditA.py	08_audit		FILE	1	3337
auditB.py	08_audit		FILE	1	2722
auditB2.py	08_audit		FILE	1	4016
auditB2.txt	08_audit		FILE	1	48287
auditB3.py	08_audit		FILE	1	3297
auditB3.txt	08_audit		FILE	1	5469
auditB4.py	08_audit		FILE	1	3497
auditB4.txt	08_audit		FILE	1	2704
auditB5.py	08_audit		FILE	1	3530
auditB6.py	08_audit		FILE	1	3344
auditB7.py	08_audit		FILE	1	3119
auditB_final.txt	08_audit		FILE	1	5804
auditCDE.py	08_audit		FILE	1	6444
auditCDEF.txt	08_audit		FILE	1	28872
auditF.py	08_audit		FILE	1	3041
auditF.txt	08_audit		FILE	1	2533
audit_BCDEF.txt	08_audit		FILE	1	10732
audit_raw.txt	08_audit		FILE	1	128063
audit_report.md	08_audit		FILE	1	29816
audit_report2.md	08_audit		FILE	1	30087
audit_round3.py	08_audit		FILE	1	9781
audit_round3.txt	08_audit		FILE	1	5527
audit_v2.py	08_audit		FILE	1	7738
audit_v2.txt	08_audit		FILE	1	3515
audit_v3.py	08_audit		FILE	1	8421
audit_v3.txt	08_audit		FILE	1	3307
chk15.py	08_audit		FILE	1	242
chk3.py	08_audit		FILE	1	1324
chk_app_ctx.py	08_audit		FILE	1	487
chk_internal_sec.py	08_audit		FILE	1	1242
chk_sec.py	08_audit		FILE	1	467
chk_tail.py	08_audit		FILE	1	533
count_cjk.py	08_audit		FILE	1	363
diag2.py	08_audit		FILE	1	990
diag3.py	08_audit		FILE	1	960
diag4.py	08_audit		FILE	1	568
doc_conventions.md	08_audit		FILE	1	6498
final.txt	08_audit		FILE	1	944
verify_cn.py	08_audit		FILE	1	2105
verify_cn4.py	08_audit		FILE	1	1907
verify_cnr.py	08_audit		FILE	1	948
verify_cnr2.py	08_audit		FILE	1	1056
verify_cnr3.py	08_audit		FILE	1	1752
verify_cnr4.py	08_audit		FILE	1	1598
verify_cnr5.py	08_audit		FILE	1	1190
verify_cnr6.py	08_audit		FILE	1	1299
_cases.py	09_source_verify		FILE	1	1503
_tft.py	09_source_verify		FILE	1	1941
dl_feos.py	09_source_verify		FILE	1	3137
dl_ionmix.out	09_source_verify		FILE	1	1203
dl_ionmix.py	09_source_verify		FILE	1	2455
inspect_data.out	09_source_verify		FILE	1	18160
inspect_data.py	09_source_verify		FILE	1	1300
vendor/	09_source_verify		DIR	92	5523664