name	kind	bytes	doc_hits	pkg_hits	round_flag	suggestion
DELIVERABLES.txt	FILE	1292	0	0	False	REVIEW(no-hint)
_appE.txt	FILE	2975	7	0	False	INCLUDE
_candtok.json	FILE	6825	1	4	False	REVIEW(tie)
_cases.py	FILE	1503	1	0	False	INCLUDE
_ch8.txt	FILE	35996	7	0	False	INCLUDE
_dump.py	FILE	802	1	0	False	INCLUDE
_dump_c20g.txt	FILE	14994	0	0	False	REVIEW(no-hint)
_feos_pdf_dump.txt	FILE	107210	0	0	False	REVIEW(no-hint)
_filelist_tmp.txt	FILE	0	0	0	False	REVIEW(no-hint)
_fl.txt	FILE	1746	47	0	False	INCLUDE
_idx_portable.json	FILE	134009	89	0	False	INCLUDE
_idx_repo.json	FILE	278420	0	235	False	EXCLUDE(pkg)
_ls.py	FILE	1375	10	2	False	INCLUDE
_ls2.py	FILE	1685	6	3	False	INCLUDE
_mats.py	FILE	1066	2	0	False	INCLUDE
_mhead.py	FILE	1127	2	0	False	INCLUDE
_miss.json	FILE	1360	0	3	False	EXCLUDE(pkg)
_pathtok.json	FILE	22084	0	4	False	EXCLUDE(pkg)
_probe.py	FILE	867	1	0	False	INCLUDE
_probe2.py	FILE	1863	1	0	False	INCLUDE
_sesame_au.txt	FILE	6155	0	0	False	REVIEW(no-hint)
_tft.py	FILE	1941	1	0	False	INCLUDE
_tree.py	FILE	2330	5	0	False	INCLUDE
_w7.txt	FILE	11616	4	0	False	INCLUDE
_wv2_idx.txt	FILE	12019	2	0	False	INCLUDE
_x.py	FILE	951	1	0	False	INCLUDE
add_tnums.py	FILE	3502	3	1	False	INCLUDE
affected_r15.log	FILE	570	0	0	True	EXCLUDE(pkg-round)
affected_tail_r15.txt	FILE	1274	1	4	True	EXCLUDE(pkg-round)
al_feos_probe.out	FILE	192777	18	50	False	REVIEW(tie)
anchors.md	FILE	66702	8	0	False	INCLUDE
appF.txt	FILE	9897	39	0	False	INCLUDE
app_tables.py	FILE	1423	8	1	False	INCLUDE
append_mem.py	FILE	8163	9	0	False	INCLUDE
append_r12_log.py	FILE	2411	0	17	True	EXCLUDE(pkg-round)
append_r14_log.py	FILE	3183	0	8	True	EXCLUDE(pkg-round)
arb2.py	FILE	1743	2	0	False	INCLUDE
arb3.py	FILE	1697	2	0	False	INCLUDE
arb_au.py	FILE	1375	2	0	False	INCLUDE
arbitration.md	FILE	6781	0	0	False	REVIEW(no-hint)
atomic_dump.txt	FILE	24021	1	0	False	INCLUDE
audit.py	FILE	3108	3	0	False	INCLUDE
audit.txt	FILE	3614	4	0	False	INCLUDE
auditA.py	FILE	3337	8	1	False	INCLUDE
auditB.py	FILE	2722	8	1	False	INCLUDE
auditB2.py	FILE	4016	6	1	False	INCLUDE
auditB2.txt	FILE	48287	33	3	False	INCLUDE
auditB3.py	FILE	3297	6	2	False	INCLUDE
auditB3.txt	FILE	5469	21	2	False	INCLUDE
auditB4.py	FILE	3497	6	2	False	INCLUDE
auditB4.txt	FILE	2704	18	1	False	INCLUDE
auditB5.py	FILE	3530	22	4	False	INCLUDE
auditB6.py	FILE	3344	20	8	False	INCLUDE
auditB7.py	FILE	3119	16	5	False	INCLUDE
auditB_final.txt	FILE	5804	89	5	False	INCLUDE
auditCDE.py	FILE	6444	6	1	False	INCLUDE
auditCDEF.txt	FILE	28872	0	0	False	REVIEW(no-hint)
auditF.py	FILE	3041	6	1	False	INCLUDE
auditF.txt	FILE	2533	5	0	False	INCLUDE
audit_BCDEF.txt	FILE	10732	14	0	False	INCLUDE
audit_raw.txt	FILE	128063	1	0	False	INCLUDE
audit_report.md	FILE	29816	12	0	False	INCLUDE
audit_report2.md	FILE	30087	8	0	False	INCLUDE
audit_round3.py	FILE	9781	21	0	False	INCLUDE
audit_round3.txt	FILE	5527	28	0	False	INCLUDE
build_anchors.py	FILE	5868	84	0	False	INCLUDE
build_inventory.py	FILE	5491	89	0	False	INCLUDE
ch.txt	FILE	762	0	0	False	REVIEW(no-hint)
check_deliverables.py	FILE	1064	0	0	False	REVIEW(no-hint)
chk15.py	FILE	242	3	0	False	INCLUDE
chk3.py	FILE	1324	9	1	False	INCLUDE
chk_app_ctx.py	FILE	487	3	1	False	INCLUDE
chk_internal_sec.py	FILE	1242	7	1	False	INCLUDE
chk_sec.py	FILE	467	4	1	False	INCLUDE
clear_check_r15.txt	FILE	100113	0	68	True	EXCLUDE(pkg-round)
clear_plots_r15.py	FILE	987	0	7	True	EXCLUDE(pkg-round)
cn4fit_probe_r15.py	FILE	1573	0	6	True	EXCLUDE(pkg-round)
commit_msg_r12.txt	FILE	1028	0	7	True	EXCLUDE(pkg-round)
commit_msg_r13.txt	FILE	1793	0	7	True	EXCLUDE(pkg-round)
commit_msg_r14.txt	FILE	1064	0	7	True	EXCLUDE(pkg-round)
commit_msg_r15.txt	FILE	1346	0	17	True	EXCLUDE(pkg-round)
commit_msg_r16.txt	FILE	1249	0	11	True	EXCLUDE(pkg-round)
commit_msg_r16b.txt	FILE	1705	0	21	True	EXCLUDE(pkg-round)
commit_msg_r16c_cleanup.txt	FILE	299	0	7	True	EXCLUDE(pkg-round)
commit_verify_r15.txt	FILE	412	0	10	True	EXCLUDE(pkg-round)
commit_verify_r16.txt	FILE	492	0	19	True	EXCLUDE(pkg-round)
commit_verify_r16b.txt	FILE	610	0	23	True	EXCLUDE(pkg-round)
count_cjk.py	FILE	363	0	0	False	REVIEW(no-hint)
count_patterns.py	FILE	1580	1	2	False	REVIEW(tie)
count_patterns.txt	FILE	92370	78	0	False	INCLUDE
cov_check.py	FILE	1086	3	0	False	INCLUDE
cross_validation.md	FILE	22153	6	0	False	INCLUDE
cst_inventory.json	FILE	12515	24	0	False	INCLUDE
cst_naming_finding.md	FILE	5722	1	0	False	INCLUDE
dataheaders.txt	FILE	73230	4	0	False	INCLUDE
dbg_cn4.py	FILE	918	2	0	False	INCLUDE
dbg_feos.py	FILE	548	2	0	False	INCLUDE
dbg_sio2.py	FILE	495	2	0	False	INCLUDE
del_family_dirs.py	FILE	1006	0	3	False	EXCLUDE(pkg)
demo_sync_r12.py	FILE	1236	0	10	True	EXCLUDE(pkg-round)
diag_gsound_r16.txt	FILE	4005	0	0	True	EXCLUDE(pkg-round)
diag_issues.py	FILE	1210	22	0	False	INCLUDE
dirlist.txt	FILE	3280	12	1	False	INCLUDE
dirlist2.txt	FILE	2761	30	11	False	INCLUDE
dl_feos.py	FILE	3137	0	0	False	REVIEW(no-hint)
dl_ionmix.out	FILE	1203	0	0	False	REVIEW(no-hint)
dl_ionmix.py	FILE	2455	1	0	False	INCLUDE
doc_conventions.md	FILE	6498	10	0	False	INCLUDE
doc_misc.txt	FILE	98065	0	0	False	REVIEW(no-hint)
docext	DIR	42058	4	0	False	INCLUDE
docx_extract.txt	FILE	61998	0	0	False	REVIEW(no-hint)
drop_shorttable_r14.py	FILE	1477	0	5	True	EXCLUDE(pkg-round)
empty_s1.py	FILE	809	3	1	False	INCLUDE
enum_doc_matter.txt	FILE	42468	8	0	False	INCLUDE
eos_final.py	FILE	9796	2	0	False	INCLUDE
eos_readers.py	FILE	11563	1	0	False	INCLUDE
explore_multi_formats.md	FILE	41045	6	1	False	INCLUDE
explore_python_support.md	FILE	34300	4	9	False	REVIEW(tie)
extract_doc.py	FILE	6090	0	0	False	REVIEW(no-hint)
extract_legacy.py	FILE	5623	7	0	False	INCLUDE
fds_gui.txt	FILE	17247	0	0	False	REVIEW(no-hint)
feos_formats.md	FILE	72531	8	0	False	INCLUDE
final.txt	FILE	944	7	0	False	INCLUDE
find2.py	FILE	596	1	1	False	REVIEW(tie)
find_anchors.py	FILE	451	5	0	False	INCLUDE
find_lower.py	FILE	988	3	0	False	INCLUDE
find_lower2.py	FILE	560	1	0	False	INCLUDE
find_real.py	FILE	1207	1	4	False	REVIEW(tie)
fit_check_r15	DIR	1157365	0	0	True	EXCLUDE(pkg-round)
fit_probe_err_r15.txt	FILE	476	2	2	True	EXCLUDE(pkg-round)
fit_probe_exit.txt	FILE	8	0	0	False	REVIEW(no-hint)
fix_paths_scan.py	FILE	3468	5	1	False	INCLUDE
fix_sec_refs.py	FILE	2712	3	0	False	INCLUDE
formats_from_source.md	FILE	41191	2	2	False	REVIEW(tie)
formats_resolved.md	FILE	47797	1	0	False	INCLUDE
git_diag_r16.txt	FILE	439	0	11	True	EXCLUDE(pkg-round)
git_diff_body_r15.txt	FILE	2708	0	28	True	EXCLUDE(pkg-round)
git_diff_fit_r15.txt	FILE	2512	0	12	True	EXCLUDE(pkg-round)
git_diff_r15.txt	FILE	292	0	10	True	EXCLUDE(pkg-round)
git_status_r15.txt	FILE	218	0	10	True	EXCLUDE(pkg-round)
git_status_r16.txt	FILE	16	0	0	True	EXCLUDE(pkg-round)
gitignore_check_r16.txt	FILE	168	0	8	True	EXCLUDE(pkg-round)
guess_smoke.txt	FILE	182	0	0	False	REVIEW(no-hint)
guess_uk_summary.log	FILE	2042	0	0	False	REVIEW(no-hint)
hugo_enc_check.txt	FILE	62	0	0	False	REVIEW(no-hint)
hyades_doc.txt	FILE	18302	3	0	False	INCLUDE
inline_short_r14.py	FILE	3493	0	4	True	EXCLUDE(pkg-round)
inspect_data.out	FILE	18160	0	0	False	REVIEW(no-hint)
inspect_data.py	FILE	1300	0	0	False	REVIEW(no-hint)
inv_classified.txt	FILE	48509	20	0	False	INCLUDE
inv_classify.py	FILE	2792	4	0	False	INCLUDE
inv_matter.json	FILE	3057	0	0	False	REVIEW(no-hint)
inv_matter.py	FILE	2086	3	0	False	INCLUDE
inv_two_tmp.py	FILE	967	0	0	False	REVIEW(no-hint)
legacy	DIR	143137	5	0	False	INCLUDE
legacy_doc.txt	FILE	14096	2	0	False	INCLUDE
legacy_doc_be.txt	FILE	25564	0	0	False	REVIEW(no-hint)
legacy_doc_full.txt	FILE	30691	0	0	False	REVIEW(no-hint)
linecheck_r16.txt	FILE	166	0	3	True	EXCLUDE(pkg-round)
linecheck_r16b.txt	FILE	224	0	4	True	EXCLUDE(pkg-round)
list_hyades.py	FILE	394	2	0	False	INCLUDE
log_tail_r16.txt	FILE	4694	0	24	True	EXCLUDE(pkg-round)
ls_head.py	FILE	513	3	0	False	INCLUDE
ls_state.py	FILE	471	2	0	False	INCLUDE
mem_len2_r16.txt	FILE	4	0	0	True	EXCLUDE(pkg-round)
mem_len3_r16.txt	FILE	4	0	0	True	EXCLUDE(pkg-round)
mem_len_r16.txt	FILE	4	0	0	True	EXCLUDE(pkg-round)
mem_r13.py	FILE	4763	0	20	True	EXCLUDE(pkg-round)
merge_doc.py	FILE	3090	7	0	False	INCLUDE
migrate_cn4_r13.py	FILE	7177	0	131	True	EXCLUDE(pkg-round)
missed_dirs.md	FILE	62259	15	0	False	INCLUDE
msg_utf8_check.txt	FILE	117	0	0	False	REVIEW(no-hint)
multi_doc_parts	DIR	692478	97	3	False	INCLUDE
multigroup_opacity_finding.md	FILE	7265	0	0	False	REVIEW(no-hint)
my_groups_cmp.py	FILE	2331	6	0	False	INCLUDE
my_plancK_probe.py	FILE	1981	5	0	False	INCLUDE
my_planck_blocks.py	FILE	2061	2	0	False	INCLUDE
my_planck_close.py	FILE	1445	7	0	False	INCLUDE
my_planck_close2.py	FILE	1865	7	0	False	INCLUDE
my_planck_close3.py	FILE	2792	8	0	False	INCLUDE
my_planck_final.py	FILE	2110	7	0	False	INCLUDE
my_planck_groups.py	FILE	2035	8	0	False	INCLUDE
my_planck_groupsolve.py	FILE	1851	6	0	False	INCLUDE
my_planck_h.py	FILE	2052	7	0	False	INCLUDE
my_planck_period.py	FILE	2148	3	0	False	INCLUDE
my_planck_recount.py	FILE	1877	2	0	False	INCLUDE
my_planck_seg.py	FILE	1716	2	0	False	INCLUDE
my_planck_solve.py	FILE	2236	8	0	False	INCLUDE
my_planck_struct.py	FILE	2051	2	0	False	INCLUDE
naming_cst_formats.md	FILE	23426	7	1	False	INCLUDE
ne_smoke	DIR	2181764	0	0	False	REVIEW(no-hint)
noext_cst.py	FILE	1714	2	0	False	INCLUDE
noext_formats.md	FILE	46213	7	1	False	INCLUDE
noext_inventory.json	FILE	6901	0	0	False	REVIEW(no-hint)
orphan_del_r15.txt	FILE	622	0	8	True	EXCLUDE(pkg-round)
out_01.txt	FILE	7983	0	0	False	REVIEW(no-hint)
out_02.txt	FILE	4345	0	0	False	REVIEW(no-hint)
out_03.txt	FILE	9786	0	0	False	REVIEW(no-hint)
out_04.txt	FILE	5649	0	0	False	REVIEW(no-hint)
out_05.txt	FILE	5504	0	0	False	REVIEW(no-hint)
out_06.txt	FILE	2450	0	0	False	REVIEW(no-hint)
out_07.txt	FILE	1457	0	0	False	REVIEW(no-hint)
out_08.txt	FILE	14055	1	0	False	INCLUDE
out_09.txt	FILE	2818	2	0	False	INCLUDE
out_10.txt	FILE	5240	1	0	False	INCLUDE
out_11.txt	FILE	107127	0	0	False	REVIEW(no-hint)
out_12.txt	FILE	14708	0	0	False	REVIEW(no-hint)
out_13.txt	FILE	3915	0	0	False	REVIEW(no-hint)
out_14.txt	FILE	5971	0	0	False	REVIEW(no-hint)
out_14_log.txt	FILE	9	0	0	False	REVIEW(no-hint)
out_dummy.txt	FILE	13	0	0	False	REVIEW(no-hint)
out_feosls.txt	FILE	114	0	0	False	REVIEW(no-hint)
out_lsroot.txt	FILE	1072	1	0	False	INCLUDE
out_srcs.txt	FILE	3	0	0	False	REVIEW(no-hint)
p1_add145.py	FILE	11781	11	0	False	INCLUDE
p1_ctx.py	FILE	621	3	1	False	INCLUDE
p1_fix.py	FILE	850	3	1	False	INCLUDE
p1_scan.py	FILE	1031	3	1	False	INCLUDE
p2_fix14_159.py	FILE	6538	16	0	False	INCLUDE
p3_add_1514_appB.py	FILE	16555	17	0	False	INCLUDE
p4_errata.py	FILE	7603	14	0	False	INCLUDE
p5_appE_F.py	FILE	7886	29	0	False	INCLUDE
p6_frontmatter.py	FILE	7979	34	0	False	INCLUDE
p7_reorder.py	FILE	7043	17	0	False	INCLUDE
p7b_reorder.py	FILE	5160	12	0	False	INCLUDE
parts	DIR	59028	8	0	False	INCLUDE
patch_1006.py	FILE	26771	8	0	False	INCLUDE
patch_1512.py	FILE	7974	2	0	False	INCLUDE
patch_appB.py	FILE	7099	11	0	False	INCLUDE
patch_appB2.py	FILE	9637	8	0	False	INCLUDE
patch_appF.py	FILE	9565	8	0	False	INCLUDE
patch_body.py	FILE	12958	14	0	False	INCLUDE
patch_ch15.py	FILE	4893	3	0	False	INCLUDE
patch_cleanup.py	FILE	4958	2	0	False	INCLUDE
patch_docstrings.log	FILE	494	0	0	False	REVIEW(no-hint)
patch_docstrings.py	FILE	2218	0	19	False	EXCLUDE(pkg)
patch_final.py	FILE	2561	3	0	False	INCLUDE
patch_reindex.py	FILE	1713	4	0	False	INCLUDE
patch_rules.py	FILE	4215	3	0	False	INCLUDE
patch_tags_scheme.py	FILE	3219	0	4	False	EXCLUDE(pkg)
patch_tags_scheme2.py	FILE	1537	0	4	False	EXCLUDE(pkg)
patch_test_plots.py	FILE	2329	0	4	False	EXCLUDE(pkg)
patch_test_plots2.py	FILE	1804	0	6	False	EXCLUDE(pkg)
path_verify2.py	FILE	2864	4	2	False	INCLUDE
path_verify3.py	FILE	2522	11	2	False	INCLUDE
paths_resolve.json	FILE	53846	12	58	False	REVIEW(tie)
pdf_extract.py	FILE	1325	0	0	False	REVIEW(no-hint)
pdfext	DIR	340690	0	0	False	REVIEW(no-hint)
plan_multi_doc.md	FILE	37843	33	4	False	INCLUDE
png_left_r15.txt	FILE	289	0	4	True	EXCLUDE(pkg-round)
probe_00_env.py	FILE	905	10	0	False	INCLUDE
probe_01_cst.py	FILE	2493	3	0	False	INCLUDE
probe_02_cst_cols.py	FILE	5347	2	0	False	INCLUDE
probe_03_structure.py	FILE	3124	2	0	False	INCLUDE
probe_04_blocks.py	FILE	3067	2	0	False	INCLUDE
probe_05_closure.py	FILE	2864	2	0	False	INCLUDE
probe_06_final_closure.py	FILE	2294	2	0	False	INCLUDE
probe_07_closure_exact.py	FILE	1316	2	0	False	INCLUDE
probe_08_noext.py	FILE	1826	4	0	False	INCLUDE
probe_09_lsroot.py	FILE	1237	4	0	False	INCLUDE
probe_10_docs.py	FILE	1849	1	0	False	INCLUDE
probe_11_stubs.py	FILE	3489	2	0	False	INCLUDE
probe_12_verify.py	FILE	6520	2	0	False	INCLUDE
probe_13_cst_equiv.py	FILE	5294	2	0	False	INCLUDE
probe_14_splitfix.py	FILE	2599	2	0	False	INCLUDE
probe_al_feos.py	FILE	2167	0	0	False	REVIEW(no-hint)
probe_anchors2.py	FILE	1188	7	0	False	INCLUDE
probe_cst_noext.py	FILE	1438	9	0	False	INCLUDE
probe_feos.py	FILE	768	2	0	False	INCLUDE
probe_feos2.py	FILE	986	3	0	False	INCLUDE
probe_feos3.py	FILE	683	2	0	False	INCLUDE
probe_hyades.py	FILE	1108	2	0	False	INCLUDE
probe_lower.py	FILE	1103	12	0	False	INCLUDE
probe_manual_order.py	FILE	4582	2	0	False	INCLUDE
probe_noext	DIR	194075	21	6	False	INCLUDE
probe_sesame_E_P.py	FILE	3697	2	0	False	INCLUDE
probe_sesame_layout.py	FILE	3456	2	0	False	INCLUDE
probe_sesame_tail.py	FILE	2700	1	0	False	INCLUDE
probe_tail2.py	FILE	3528	1	0	False	INCLUDE
probe_tail3.py	FILE	3941	2	0	False	INCLUDE
redraw_step01_r15.log	FILE	19136	0	0	True	EXCLUDE(pkg-round)
redraw_step01_tail_r15.txt	FILE	3390	0	1	True	EXCLUDE(pkg-round)
redraw_step02_r15.log	FILE	22806	0	0	True	EXCLUDE(pkg-round)
redraw_step02_tail_r15.txt	FILE	2785	0	1	True	EXCLUDE(pkg-round)
regress_count_r15.txt	FILE	62	0	0	True	EXCLUDE(pkg-round)
regress_count_r16.txt	FILE	25	0	0	True	EXCLUDE(pkg-round)
regress_r11.log	FILE	70623	2	0	True	INCLUDE
regress_r12.log	FILE	71597	2	0	True	INCLUDE
regress_r13.log	FILE	71706	2	0	True	INCLUDE
regress_r14.log	FILE	71746	2	0	True	INCLUDE
regress_r15.log	FILE	139234	0	0	True	EXCLUDE(pkg-round)
regress_r16.log	FILE	139306	0	0	True	EXCLUDE(pkg-round)
regress_r16_summary.txt	FILE	680	0	3	True	EXCLUDE(pkg-round)
regress_r16b.log	FILE	143162	0	0	True	EXCLUDE(pkg-round)
regress_r16b_fail.txt	FILE	3331	1	8	True	EXCLUDE(pkg-round)
regress_r16c.log	FILE	142130	0	0	True	EXCLUDE(pkg-round)
regress_r16c_count.txt	FILE	214	0	0	True	EXCLUDE(pkg-round)
regress_r16d.log	FILE	73171	2	0	True	INCLUDE
regress_summary_r15.txt	FILE	1777	0	8	True	EXCLUDE(pkg-round)
regression_final2.txt	FILE	69478	1	1	True	EXCLUDE(pkg-round)
regression_phase_c.txt	FILE	69936	1	1	True	EXCLUDE(pkg-round)
regression_tags_scheme.txt	FILE	70115	1	1	True	EXCLUDE(pkg-round)
regression_twotier.txt	FILE	70544	1	1	True	EXCLUDE(pkg-round)
regression_twotier2.txt	FILE	69922	1	1	True	EXCLUDE(pkg-round)
round10_fieldchecks_regen.log	FILE	70155	1	1	True	EXCLUDE(pkg-round)
run_affected_r14.py	FILE	1546	0	20	True	EXCLUDE(pkg-round)
run_capture.py	FILE	452	0	0	False	REVIEW(no-hint)
run_guess_uk.py	FILE	2334	0	11	False	EXCLUDE(pkg)
run_sv_r16.log	FILE	1468	0	0	True	EXCLUDE(pkg-round)
run_sv_r16_clean.txt	FILE	733	0	11	True	EXCLUDE(pkg-round)
run_sv_r16b.log	FILE	1812	0	0	True	EXCLUDE(pkg-round)
run_sv_r16b_clean.txt	FILE	901	0	12	True	EXCLUDE(pkg-round)
run_sv_r16c.log	FILE	4318	0	0	True	EXCLUDE(pkg-round)
run_sv_r16c_clean.txt	FILE	2115	0	2	True	EXCLUDE(pkg-round)
run_sweep.py	FILE	2339	0	6	False	EXCLUDE(pkg)
sample_index.md	FILE	9359	54	0	False	INCLUDE
scan.txt	FILE	16471	17	0	False	INCLUDE
seg.txt	FILE	4368	0	0	False	REVIEW(no-hint)
sesame_dump.txt	FILE	9241	0	0	False	REVIEW(no-hint)
sesame_extract.txt	FILE	7756	0	0	False	REVIEW(no-hint)
shrink_memory_r14.py	FILE	6665	1	34	True	EXCLUDE(pkg-round)
shrink_memory_r14b.py	FILE	2418	0	20	True	EXCLUDE(pkg-round)
shrink_memory_r14c.py	FILE	877	0	0	True	EXCLUDE(pkg-round)
solid_results.txt	FILE	1328	0	0	False	REVIEW(no-hint)
solid_t1.log	FILE	6616	0	0	False	REVIEW(no-hint)
solid_t1b.log	FILE	2828	0	0	False	REVIEW(no-hint)
solid_t1b_results.txt	FILE	442	0	0	False	REVIEW(no-hint)
solid_t2.log	FILE	9418	0	0	False	REVIEW(no-hint)
solid_t3.log	FILE	1986	0	0	False	REVIEW(no-hint)
solid_t3_results.txt	FILE	198	0	0	False	REVIEW(no-hint)
src_doc_aux.md	FILE	261701	1	0	False	INCLUDE
src_doc_core.md	FILE	441912	2	0	False	INCLUDE
src_doc_tables.md	FILE	24176	4	0	False	INCLUDE
src_doc_tree.md	FILE	11184	97	0	False	INCLUDE
src_ionmix_snop.md	FILE	56329	21	4	False	INCLUDE
src_sesame_ledcop.md	FILE	49411	15	1	False	INCLUDE
stats_step02.py	FILE	966	0	4	False	EXCLUDE(pkg)
stats_step02_out.txt	FILE	1645	0	0	False	REVIEW(no-hint)
step01_regenerated_r15.txt	FILE	209	0	1	True	EXCLUDE(pkg-round)
step02_rerun.txt	FILE	4515	0	52	False	EXCLUDE(pkg)
sv_diag_r16.py	FILE	2350	0	8	True	EXCLUDE(pkg-round)
sv_probe_r16.py	FILE	1643	0	9	True	EXCLUDE(pkg-round)
sv_single_results.txt	FILE	736	0	0	False	REVIEW(no-hint)
sv_t1.log	FILE	9418	0	0	False	REVIEW(no-hint)
sv_t2.log	FILE	20348	0	0	False	REVIEW(no-hint)
tbl.txt	FILE	2218	1	0	False	INCLUDE
textdocs.txt	FILE	101617	4	0	False	INCLUDE
toc.txt	FILE	4905	10	0	False	INCLUDE
tpl_path.txt	FILE	146	0	3	False	EXCLUDE(pkg)
tpl_r15.log	FILE	1986	0	0	True	EXCLUDE(pkg-round)
tree_step02.txt	FILE	3405	0	36	False	EXCLUDE(pkg)
uncovered.py	FILE	1151	3	0	False	INCLUDE
v_sesame_confirm.py	FILE	950	2	0	False	INCLUDE
v_sesame_count.py	FILE	835	2	0	False	INCLUDE
v_sesame_solve.py	FILE	1267	3	0	False	INCLUDE
vendor	DIR	5523664	0	0	False	REVIEW(no-hint)
verdictB.txt	FILE	2403	13	6	False	INCLUDE
verdictB2.txt	FILE	2726	14	4	False	INCLUDE
verify2.py	FILE	2404	2	0	False	INCLUDE
verify3.py	FILE	743	2	0	False	INCLUDE
verify4.py	FILE	1722	2	0	False	INCLUDE
verify5.py	FILE	1279	3	0	False	INCLUDE
verify6.py	FILE	2035	2	0	False	INCLUDE
verify7.py	FILE	1763	2	0	False	INCLUDE
verify_cn.py	FILE	2105	2	0	False	INCLUDE
verify_cn4.py	FILE	1907	2	0	False	INCLUDE
verify_cnr.py	FILE	948	2	0	False	INCLUDE
verify_cnr2.py	FILE	1056	2	0	False	INCLUDE
verify_cnr3.py	FILE	1752	2	0	False	INCLUDE
verify_cnr4.py	FILE	1598	2	0	False	INCLUDE
verify_cnr5.py	FILE	1190	2	0	False	INCLUDE
verify_cnr6.py	FILE	1299	2	0	False	INCLUDE
verify_feos.py	FILE	1567	2	0	False	INCLUDE
verify_feos2.py	FILE	1883	2	0	False	INCLUDE
verify_feos3.py	FILE	1057	2	0	False	INCLUDE
verify_feos4.py	FILE	1221	2	0	False	INCLUDE
verify_feos5.py	FILE	1074	2	0	False	INCLUDE
verify_feos6.py	FILE	742	2	0	False	INCLUDE
verify_hyades.py	FILE	2808	2	0	False	INCLUDE
verify_sesame_list.py	FILE	451	2	0	False	INCLUDE
verify_sesame_semantics.py	FILE	2826	1	0	False	INCLUDE
web_verify.md	FILE	11396	0	0	False	REVIEW(no-hint)
web_verify2.md	FILE	61669	1	0	False	INCLUDE
xlsx_extract.txt	FILE	8558	3	0	False	INCLUDE
xval_s10.log	FILE	172	0	0	False	REVIEW(no-hint)
xval_s10.py	FILE	3450	0	0	False	REVIEW(no-hint)
xval_s10.txt	FILE	5401	0	0	False	REVIEW(no-hint)
xval_s11.log	FILE	173	0	0	False	REVIEW(no-hint)
xval_s11.py	FILE	3391	1	0	False	INCLUDE
xval_s11.txt	FILE	15402	0	0	False	REVIEW(no-hint)
xval_s12.log	FILE	172	0	0	False	REVIEW(no-hint)
xval_s12.py	FILE	3282	0	0	False	REVIEW(no-hint)
xval_s12.txt	FILE	5758	0	0	False	REVIEW(no-hint)
xval_s13.log	FILE	172	0	0	False	REVIEW(no-hint)
xval_s13.py	FILE	2534	0	0	False	REVIEW(no-hint)
xval_s13.txt	FILE	2575	0	0	False	REVIEW(no-hint)
xval_s14.log	FILE	172	0	0	False	REVIEW(no-hint)
xval_s14.py	FILE	6336	2	0	False	INCLUDE
xval_s14.txt	FILE	5130	0	0	False	REVIEW(no-hint)
xval_s1_inventory.py	FILE	5797	5	0	False	INCLUDE
xval_s1_inventory.txt	FILE	49993	2	0	False	INCLUDE
xval_s1b_files.py	FILE	2416	2	0	False	INCLUDE
xval_s1b_files.txt	FILE	117955	0	0	False	REVIEW(no-hint)
xval_s1c_names.py	FILE	1231	2	0	False	INCLUDE
xval_s1c_names.txt	FILE	18225	0	0	False	REVIEW(no-hint)
xval_s2_closure.py	FILE	9701	2	0	False	INCLUDE
xval_s2_closure.txt	FILE	43639	0	0	False	REVIEW(no-hint)
xval_s2b_proof.py	FILE	7704	2	0	False	INCLUDE
xval_s2b_proof.txt	FILE	9862	0	0	False	REVIEW(no-hint)
xval_s4.log	FILE	172	0	0	False	REVIEW(no-hint)
xval_s4.py	FILE	5417	5	0	False	INCLUDE
xval_s4.txt	FILE	17144	0	0	False	REVIEW(no-hint)
xval_s5.log	FILE	172	0	0	False	REVIEW(no-hint)
xval_s5.py	FILE	4026	2	0	False	INCLUDE
xval_s5.txt	FILE	14647	5	0	False	INCLUDE
xval_s6.log	FILE	172	0	0	False	REVIEW(no-hint)
xval_s6.py	FILE	2496	0	0	False	REVIEW(no-hint)
xval_s6.txt	FILE	11220	0	0	False	REVIEW(no-hint)
xval_s7.log	FILE	171	0	0	False	REVIEW(no-hint)
xval_s7.py	FILE	2701	0	0	False	REVIEW(no-hint)
xval_s7.txt	FILE	7707	0	0	False	REVIEW(no-hint)
xval_s8.log	FILE	171	0	0	False	REVIEW(no-hint)
xval_s8.py	FILE	3604	0	0	False	REVIEW(no-hint)
xval_s8.txt	FILE	5596	0	0	False	REVIEW(no-hint)
xval_s9.log	FILE	171	0	0	False	REVIEW(no-hint)
xval_s9.py	FILE	4517	0	0	False	REVIEW(no-hint)
xval_s9.txt	FILE	4598	0	0	False	REVIEW(no-hint)
z_classify.py	FILE	3200	17	24	False	REVIEW(tie)
z_inv.py	FILE	1958	6	0	False	INCLUDE
z_inv2.py	FILE	1646	0	0	False	REVIEW(no-hint)
z_inv_list.txt	FILE	38569	2	0	False	INCLUDE